0,1002,26,27,-87.6997452648,42.0121135858,-87.6902409033,42.0123000867
1,1004,28,29,-87.6828811088,42.0123782948,-87.6746939239,42.0126564502
2,1005,29,30,-87.6746939239,42.0126564502,-87.6634502100,42.0128388751
3,1006,31,1,-87.8857928358,42.0096297104,-87.9048835699,42.0088957604
4,1007,32,31,-87.8684590003,42.0100657521,-87.8857928358,42.0096297104
5,1008,33,32,-87.8554593790,42.0105173014,-87.8684590003,42.0100657521
6,1009,34,33,-87.8295973719,42.0112135147,-87.8554593790,42.0105173014
7,1010,35,34,-87.8163266230,42.0114591154,-87.8295973719,42.0112135147
8,1012,292,397,-87.8012417611,42.0119827303,-87.8065725496,42.0116985601
9,1013,408,292,-87.7887612840,42.0119323327,-87.8012417611,42.0119827303
10,1014,36,408,-87.7734073545,42.0118642475,-87.7887612840,42.0119323327
11,1015,37,36,-87.7505273196,42.0118491499,-87.7734073545,42.0118642475
12,1016,38,37,-87.7285975901,42.0117357112,-87.7505273196,42.0118491499
13,1017,39,38,-87.7090553951,42.0118568538,-87.7285975901,42.0117357112
14,1019,27,26,-87.6902409033,42.0123000867,-87.6997452648,42.0121135858
15,1020,28,27,-87.6828811088,42.0123782948,-87.6902409033,42.0123000867
16,1021,29,28,-87.6746939239,42.0126564502,-87.6828811088,42.0123782948
17,1022,30,29,-87.6634502100,42.0128388751,-87.6746939239,42.0126564502
18,1041,434,40,-87.7452483261,41.8811648046,-87.7354603394,41.8819618346
19,1042,40,447,-87.7354603394,41.8819618346,-87.7257432412,41.8819638220
20,1043,447,41,-87.7257432412,41.8819638220,-87.7158290655,41.8815422057
21,1044,41,112,-87.7158290655,41.8815422057,-87.7122400929,41.8821745267
22,1045,112,42,-87.7122400929,41.8821745267,-87.7061592615,41.8823379813
23,1046,42,43,-87.7061592615,41.8823379813,-87.6963223013,41.8824454653
24,1047,43,480,-87.6963223013,41.8824454653,-87.6864614559,41.8826289903
25,1048,480,44,-87.6864614559,41.8826289903,-87.6766767359,41.8826894161
26,1064,44,480,-87.6766767359,41.8826894161,-87.6864614559,41.8826289903
27,1069,448,45,-87.7410820903,41.7345408390,-87.7606278545,41.7342363705
28,1070,46,47,-87.7985652297,41.7192549577,-87.7799071968,41.7196596862
29,1071,47,48,-87.7799071968,41.7196596862,-87.7683749201,41.7198093916
30,1072,48,49,-87.7683749201,41.7198093916,-87.7603641164,41.7197999151
31,1073,49,449,-87.7603641164,41.7197999151,-87.7408135918,41.7201439780
32,1074,449,422,-87.7408135918,41.7201439780,-87.7213758725,41.7205363916
33,1075,47,46,-87.7799071968,41.7196596862,-87.7985652297,41.7192549577
34,1076,48,47,-87.7683749201,41.7198093916,-87.7799071968,41.7196596862
35,1077,49,48,-87.7603641164,41.7197999151,-87.7683749201,41.7198093916
36,1078,449,49,-87.7408135918,41.7201439780,-87.7603641164,41.7197999151
37,1079,422,449,-87.7213758725,41.7205363916,-87.7408135918,41.7201439780
38,1080,50,51,-87.6625384127,41.6629869425,-87.6413668786,41.6633307131
39,1084,52,53,-87.7191695814,41.6621618538,-87.7385495724,41.6623827792
40,1085,54,52,-87.6997958970,41.6624656062,-87.7191695814,41.6621618538
41,1086,55,54,-87.6800755838,41.6626488602,-87.6997958970,41.6624656062
42,1087,50,55,-87.6625384127,41.6629869425,-87.6800755838,41.6626488602
43,1088,51,50,-87.6413668786,41.6633307131,-87.6625384127,41.6629869425
44,1092,53,56,-87.7385495724,41.6623827792,-87.7397578220,41.6909703932
45,1093,56,57,-87.7397578220,41.6909703932,-87.7402570310,41.7055783256
46,1094,80,58,-87.8042180283,41.8650754975,-87.7839424576,41.8653927996
47,1095,58,59,-87.7839424576,41.8653927996,-87.7741677052,41.8655121189
48,1096,58,80,-87.7839424576,41.8653927996,-87.8042180283,41.8650754975
49,1097,59,58,-87.7741677052,41.8655121189,-87.7839424576,41.8653927996
50,1107,60,450,-87.8098926548,41.7913114782,-87.8015483514,41.7919646845
51,1108,60,2,-87.8098926548,41.7913114782,-87.8208274902,41.7936440349
52,1109,450,60,-87.8015483514,41.7919646845,-87.8098926548,41.7913114782
53,1110,75,61,-87.7991585888,41.7335387238,-87.7798656466,41.7338915528
54,1111,61,45,-87.7798656466,41.7338915528,-87.7606278545,41.7342363705
55,1112,45,448,-87.7606278545,41.7342363705,-87.7410820903,41.7345408390
56,1113,61,75,-87.7798656466,41.7338915528,-87.7991585888,41.7335387238
57,1114,45,61,-87.7606278545,41.7342363705,-87.7798656466,41.7338915528
58,1119,53,52,-87.7385495724,41.6623827792,-87.7191695814,41.6621618538
59,1120,52,54,-87.7191695814,41.6621618538,-87.6997958970,41.6624656062
60,1121,54,55,-87.6997958970,41.6624656062,-87.6800755838,41.6626488602
61,1122,55,50,-87.6800755838,41.6626488602,-87.6625384127,41.6629869425
62,1123,57,449,-87.7402570310,41.7055783256,-87.7408135918,41.7201439780
63,1128,56,53,-87.7397578220,41.6909703932,-87.7385495724,41.6623827792
64,1129,57,56,-87.7402570310,41.7055783256,-87.7397578220,41.6909703932
65,1130,449,57,-87.7408135918,41.7201439780,-87.7402570310,41.7055783256
66,1131,448,449,-87.7410820903,41.7345408390,-87.7408135918,41.7201439780
67,1135,46,75,-87.7985652297,41.7192549577,-87.7991585888,41.7335387238
68,1136,75,62,-87.7991585888,41.7335387238,-87.7998073417,41.7483295009
69,1137,62,63,-87.7998073417,41.7483295009,-87.8002739985,41.7627887025
70,1138,63,64,-87.8002739985,41.7627887025,-87.8048535707,41.7706448626
71,1139,64,65,-87.8048535707,41.7706448626,-87.8009166419,41.7772854536
72,1141,66,67,-87.8016574009,41.7957861801,-87.8019647190,41.7995180128
73,1142,67,68,-87.8019647190,41.7995180128,-87.8020035778,41.8063542176
74,1143,68,69,-87.8020035778,41.8063542176,-87.8024387780,41.8176105439
75,1144,69,70,-87.8024387780,41.8176105439,-87.8027252034,41.8212448346
76,1145,70,71,-87.8027252034,41.8212448346,-87.8027219060,41.8237508093
77,1146,71,72,-87.8027219060,41.8237508093,-87.8034500234,41.8431150319
78,1147,72,202,-87.8034500234,41.8431150319,-87.8036679588,41.8503970437
79,1149,80,73,-87.8042180283,41.8650754975,-87.8045379781,41.8736499760
80,1150,73,74,-87.8045379781,41.8736499760,-87.8047488066,41.8796992839
81,434,451,417,-87.6173497409,41.8384193074,-87.6087241173,41.8385623150
82,1154,75,46,-87.7991585888,41.7335387238,-87.7985652297,41.7192549577
83,1155,62,75,-87.7998073417,41.7483295009,-87.7991585888,41.7335387238
84,1156,63,62,-87.8002739985,41.7627887025,-87.7998073417,41.7483295009
85,1157,64,63,-87.8048535707,41.7706448626,-87.8002739985,41.7627887025
86,1159,65,64,-87.8009166419,41.7772854536,-87.8048535707,41.7706448626
87,1160,67,66,-87.8019647190,41.7995180128,-87.8016574009,41.7957861801
88,1161,68,67,-87.8020035778,41.8063542176,-87.8019647190,41.7995180128
89,1162,69,68,-87.8024387780,41.8176105439,-87.8020035778,41.8063542176
90,1163,70,69,-87.8027252034,41.8212448346,-87.8024387780,41.8176105439
91,1164,71,70,-87.8027219060,41.8237508093,-87.8027252034,41.8212448346
92,1165,72,71,-87.8034500234,41.8431150319,-87.8027219060,41.8237508093
93,1166,202,72,-87.8036679588,41.8503970437,-87.8034500234,41.8431150319
94,1167,80,202,-87.8042180283,41.8650754975,-87.8036679588,41.8503970437
95,1169,74,73,-87.8047488066,41.8796992839,-87.8045379781,41.8736499760
96,1174,14,76,-87.6205901470,41.8782643248,-87.6175220168,41.8783746671
97,1175,76,14,-87.6175220168,41.8783746671,-87.6205901470,41.8782643248
98,1065,434,40,-87.7452483261,41.8811648046,-87.7354603394,41.8819618346
99,1194,77,430,-87.6068944200,41.8239785300,-87.6005130315,41.8252809001
100,1195,430,77,-87.6005130315,41.8252809001,-87.6068944200,41.8239785300
101,983,78,79,-87.5592489718,41.6737671977,-87.5588384178,41.6661710489
102,613,428,508,-87.6172893969,41.8732685796,-87.6194490966,41.8675066759
103,865,436,452,-87.6427923392,41.8672509302,-87.6431433136,41.8743749911
104,1168,73,80,-87.8045379781,41.8736499760,-87.8042180283,41.8650754975
105,1275,533,530,-87.6473885655,41.8827534785,-87.6435195860,41.8827220858
106,1278,372,14,-87.6205879983,41.8757725605,-87.6205901470,41.8782643248
107,1279,392,372,-87.6206544776,41.8845032517,-87.6205879983,41.8757725605
108,128,453,81,-87.6690488604,41.9542903537,-87.6692581361,41.9615915653
109,1284,15,435,-87.6172174757,41.8968836203,-87.6242079756,41.8967854548
110,130,82,83,-87.6694390887,41.9688769809,-87.6696137704,41.9761721340
111,657,515,372,-87.6244041776,41.8757599268,-87.6205879983,41.8757725605
112,163,81,453,-87.6692581361,41.9615915653,-87.6690488604,41.9542903537
113,164,82,81,-87.6694390887,41.9688769809,-87.6692581361,41.9615915653
114,165,83,82,-87.6696137704,41.9761721340,-87.6694390887,41.9688769809
115,167,84,85,-87.6696182646,41.9871464429,-87.6698161320,41.9834758403
116,1066,40,447,-87.7354603394,41.8819618346,-87.7257432412,41.8819638220
117,213,59,86,-87.7741677052,41.8655121189,-87.7643536014,41.8656187483
118,658,438,3,-87.6306498274,41.8750230905,-87.6337255656,41.8756049481
119,1067,447,41,-87.7257432412,41.8819638220,-87.7158290655,41.8815422057
120,659,528,438,-87.6276035305,41.8747783767,-87.6306498274,41.8750230905
121,1068,41,112,-87.7158290655,41.8815422057,-87.7122400929,41.8821745267
122,432,87,88,-87.6304136289,41.8382413967,-87.6267669282,41.8383528936
123,433,88,451,-87.6267669282,41.8383528936,-87.6173497409,41.8384193074
124,436,88,87,-87.6267669282,41.8383528936,-87.6304136289,41.8382413967
125,437,451,16,-87.6173497409,41.8384193074,-87.6234947915,41.8384276453
126,438,417,451,-87.6087241173,41.8385623150,-87.6173497409,41.8384193074
127,461,297,89,-87.5598730411,41.7226376331,-87.5483212108,41.7227577163
128,462,89,90,-87.5483212108,41.7227577163,-87.5365426229,41.7229408788
129,475,89,297,-87.5483212108,41.7227577163,-87.5598730411,41.7226376331
130,476,90,89,-87.5365426229,41.7229408788,-87.5483212108,41.7227577163
131,523,408,91,-87.7887612840,42.0119323327,-87.7824464721,42.0048181241
132,524,91,92,-87.7824464721,42.0048181241,-87.7666934439,41.9973019905
133,1106,2,60,-87.8208274902,41.7936440349,-87.8098926548,41.7913114782
134,561,448,93,-87.7410820903,41.7345408390,-87.7410119615,41.7419793919
135,562,93,425,-87.7410119615,41.7419793919,-87.7413788983,41.7491988649
136,630,93,448,-87.7410119615,41.7419793919,-87.7410820903,41.7345408390
137,631,425,93,-87.7413788983,41.7491988649,-87.7410119615,41.7419793919
138,1148,202,80,-87.8036679588,41.8503970437,-87.8042180283,41.8650754975
139,654,3,438,-87.6337255656,41.8756049481,-87.6306498274,41.8750230905
140,655,438,528,-87.6306498274,41.8750230905,-87.6276035305,41.8747783767
141,661,372,515,-87.6205879983,41.8757725605,-87.6244041776,41.8757599268
142,668,94,95,-87.8366858914,41.9520506156,-87.8367078276,41.9593754410
143,669,95,96,-87.8367078276,41.9593754410,-87.8366767794,41.9666033160
144,671,95,94,-87.8367078276,41.9593754410,-87.8366858914,41.9520506156
145,672,96,95,-87.8366767794,41.9666033160,-87.8367078276,41.9593754410
146,675,97,17,-87.6311072214,41.8455551655,-87.6308846279,41.8527717870
147,676,97,87,-87.6311072214,41.8455551655,-87.6304136289,41.8382413967
148,677,17,97,-87.6308846279,41.8527717870,-87.6311072214,41.8455551655
149,682,4,454,-87.6139545716,41.7134424716,-87.6141238209,41.7218705184
150,701,454,4,-87.6141238209,41.7218705184,-87.6139545716,41.7134424716
151,722,455,98,-87.6681159637,41.9185851557,-87.6779019285,41.9253652831
152,723,98,456,-87.6779019285,41.9253652831,-87.6878846477,41.9321679414
153,724,456,99,-87.6878846477,41.9321679414,-87.6977265544,41.9389520317
154,725,99,100,-87.6977265544,41.9389520317,-87.7077871781,41.9459120620
155,726,100,524,-87.7077871781,41.9459120620,-87.7185192313,41.9535200396
156,728,457,101,-87.7278400971,41.9596397447,-87.7378918703,41.9666197876
157,729,101,102,-87.7378918703,41.9666197876,-87.7479646790,41.9729452860
158,730,102,103,-87.7479646790,41.9729452860,-87.7578268170,41.9789471124
159,731,103,104,-87.7578268170,41.9789471124,-87.7683368845,41.9850317080
160,732,104,105,-87.7683368845,41.9850317080,-87.7778891648,41.9899042335
161,733,105,18,-87.7778891648,41.9899042335,-87.7831245878,41.9926599841
162,735,455,431,-87.6681159637,41.9185851557,-87.6621543435,41.9107405789
163,736,98,455,-87.6779019285,41.9253652831,-87.6681159637,41.9185851557
164,740,456,98,-87.6878846477,41.9321679414,-87.6779019285,41.9253652831
165,741,99,456,-87.6977265544,41.9389520317,-87.6878846477,41.9321679414
166,742,100,99,-87.7077871781,41.9459120620,-87.6977265544,41.9389520317
167,743,524,100,-87.7185192313,41.9535200396,-87.7077871781,41.9459120620
168,744,457,524,-87.7278400971,41.9596397447,-87.7185192313,41.9535200396
169,745,101,457,-87.7378918703,41.9666197876,-87.7278400971,41.9596397447
170,746,102,101,-87.7479646790,41.9729452860,-87.7378918703,41.9666197876
171,747,103,102,-87.7578268170,41.9789471124,-87.7479646790,41.9729452860
172,748,104,103,-87.7683368845,41.9850317080,-87.7578268170,41.9789471124
173,749,105,104,-87.7778891648,41.9899042335,-87.7683368845,41.9850317080
174,750,18,105,-87.7831245878,41.9926599841,-87.7778891648,41.9899042335
175,751,5,106,-87.5244790762,41.7027445155,-87.5352755345,41.7128129418
176,754,106,5,-87.5352755345,41.7128129418,-87.5244790762,41.7027445155
177,764,450,66,-87.8015483514,41.7919646845,-87.8016574009,41.7957861801
178,794,107,108,-87.6535479209,41.9854755787,-87.6624050684,41.9850428927
179,820,78,109,-87.5592489718,41.6737671977,-87.5594622731,41.6919408775
180,818,110,79,-87.5592865910,41.6591907623,-87.5588384178,41.6661710489
181,819,79,78,-87.5588384178,41.6661710489,-87.5592489718,41.6737671977
182,836,66,450,-87.8016574009,41.7957861801,-87.8015483514,41.7919646845
183,681,452,436,-87.6431433136,41.8743749911,-87.6427923392,41.8672509302
184,897,107,111,-87.6535479209,41.9854755787,-87.6504669075,41.9765955945
185,951,42,112,-87.7061592615,41.8823379813,-87.7122400929,41.8821745267
186,958,536,516,-87.6202539100,41.8920564053,-87.6144348553,41.8921465775
187,959,516,536,-87.6144348553,41.8921465775,-87.6202539100,41.8920564053
188,963,531,113,-87.6325820556,41.8921566547,-87.6370735367,41.8927659973
189,964,113,532,-87.6370735367,41.8927659973,-87.6478923006,41.8916594147
190,965,19,458,-87.6895768426,41.8229781071,-87.6848883856,41.8230606699
191,973,458,19,-87.6848883856,41.8230606699,-87.6895768426,41.8229781071
192,981,114,297,-87.5597753832,41.7154054717,-87.5598730411,41.7226376331
193,982,79,110,-87.5588384178,41.6661710489,-87.5592865910,41.6591907623
194,984,109,78,-87.5594622731,41.6919408775,-87.5592489718,41.6737671977
195,988,297,114,-87.5598730411,41.7226376331,-87.5597753832,41.7154054717
196,989,1,31,-87.9048835699,42.0088957604,-87.8857928358,42.0096297104
197,990,31,32,-87.8857928358,42.0096297104,-87.8684590003,42.0100657521
198,991,32,33,-87.8684590003,42.0100657521,-87.8554593790,42.0105173014
199,992,33,34,-87.8554593790,42.0105173014,-87.8295973719,42.0112135147
200,993,34,35,-87.8295973719,42.0112135147,-87.8163266230,42.0114591154
201,995,397,292,-87.8065725496,42.0116985601,-87.8012417611,42.0119827303
202,996,292,408,-87.8012417611,42.0119827303,-87.7887612840,42.0119323327
203,998,36,37,-87.7734073545,42.0118642475,-87.7505273196,42.0118491499
204,999,37,38,-87.7505273196,42.0118491499,-87.7285975901,42.0117357112
205,110,115,459,-87.6651481930,41.8158707968,-87.6654091294,41.8231636198
206,1257,533,387,-87.6473885655,41.8827534785,-87.6470775000,41.8743380000
207,477,423,116,-87.6811591434,41.6918107595,-87.6705316721,41.6919270142
208,1272,412,533,-87.6569471829,41.8825274437,-87.6473885655,41.8827534785
209,326,460,117,-87.7461005015,41.9096272103,-87.7362631113,41.9097555620
210,29,118,119,-87.7226265936,41.7713749274,-87.7228106739,41.7786592102
211,1301,461,20,-87.6367564873,41.8773034432,-87.6323072112,41.8781421825
212,272,120,462,-87.6533401534,41.7359353713,-87.6630651328,41.7357897840
213,1116,121,423,-87.7008277065,41.6915677882,-87.6811591434,41.6918107595
214,320,415,122,-87.8057322715,41.9088702382,-87.7948036008,41.9090357317
215,222,463,123,-87.6860384135,41.8666125430,-87.6762496945,41.8667545711
216,956,534,537,-87.6280830338,41.8920739437,-87.6241788145,41.8922146656
217,296,124,125,-87.6622499597,41.9543781042,-87.6545447389,41.9544883761
218,420,464,126,-87.6149529585,41.7511357532,-87.6245261121,41.7509670613
219,558,127,492,-87.6270532698,41.8528614434,-87.6357040558,41.8528189814
220,472,465,128,-87.5851206518,41.7223448274,-87.5947329753,41.7221397437
221,155,511,129,-87.6671855677,41.9038371343,-87.6672915149,41.8960736393
222,1058,519,530,-87.6361877076,41.8860531610,-87.6435195860,41.8827220858
223,762,65,130,-87.8009166419,41.7772854536,-87.8012161566,41.7846884337
224,94,131,457,-87.7280818270,41.9682432719,-87.7278400971,41.9596397447
225,249,132,133,-87.7622350300,41.7926424900,-87.7525074215,41.7928878304
226,566,134,135,-87.7422979296,41.7784106910,-87.7414093010,41.7843180193
227,941,517,136,-87.7473099291,41.9534108156,-87.7356269436,41.9462441211
228,27,466,137,-87.7219239835,41.7495525981,-87.7224225784,41.7641012309
229,1274,529,412,-87.6667966639,41.8824204795,-87.6569471829,41.8825274437
230,64,467,138,-87.7214672168,41.7348569432,-87.7217672671,41.7279259853
231,428,468,139,-87.6432176471,41.7214581370,-87.6286374339,41.7217099903
232,1249,469,140,-87.6459390200,41.8234740450,-87.6457250000,41.8161840000
233,795,108,510,-87.6624050684,41.9850428927,-87.6699095070,41.9894761112
234,231,470,142,-87.7447718015,41.8659427313,-87.7545587944,41.8657133571
235,1152,143,415,-87.8053007941,41.8942683013,-87.8057322715,41.9088702382
236,863,537,536,-87.6241788145,41.8922146656,-87.6202539100,41.8920564053
237,1125,144,145,-87.7435684203,41.8220945568,-87.7437483336,41.8367464556
238,766,146,147,-87.8059915048,41.9161697835,-87.8062449176,41.9239927300
239,559,439,471,-87.6191856058,41.8523616756,-87.6238336300,41.8528414365
240,175,148,472,-87.6743005662,41.7939163166,-87.6840417707,41.7938765823
241,138,149,150,-87.6640211301,41.7721920166,-87.6637959826,41.7649090287
242,532,151,473,-87.7345089641,41.8514453707,-87.7248323347,41.8515699420
243,1248,140,152,-87.6457250000,41.8161840000,-87.6455390000,41.8088640000
244,41,474,153,-87.7251959198,41.8661726153,-87.7255338018,41.8752773266
245,573,154,434,-87.7449909945,41.8731392068,-87.7452483261,41.8811648046
246,393,155,480,-87.6866945095,41.8906480588,-87.6864614559,41.8826289903
247,969,469,156,-87.6459390200,41.8234740450,-87.6305084200,41.8238145300
248,332,157,476,-87.6822996518,41.7282296739,-87.6825140358,41.7355272847
249,1297,21,534,-87.6282468754,41.8966270307,-87.6280830338,41.8920739437
250,535,158,159,-87.7110164637,41.8518240159,-87.7052172041,41.8518820663
251,154,129,160,-87.6672915149,41.8960736393,-87.6671426371,41.8909773963
252,422,161,162,-87.5954137754,41.7513124478,-87.6051897028,41.7512528176
253,627,163,164,-87.7468782505,41.9388195735,-87.7470530007,41.9461199479
254,367,165,427,-87.6894483335,41.9831676866,-87.6896878167,41.9904812394
255,972,478,77,-87.6169934917,41.8239021825,-87.6068944200,41.8239785300
256,626,166,163,-87.7465919041,41.9315324996,-87.7468782505,41.9388195735
257,250,133,479,-87.7525074215,41.7928878304,-87.7419814392,41.7930335549
258,257,462,120,-87.6630651328,41.7357897840,-87.6533401534,41.7359353713
259,847,167,168,-87.8067044083,42.0044655774,-87.8067970161,41.9977752778
260,199,169,170,-87.7657241677,41.9093787295,-87.7756155014,41.9092626362
261,352,480,155,-87.6864614559,41.8826289903,-87.6866945095,41.8906480588
262,269,476,171,-87.6825140358,41.7355272847,-87.6921993917,41.7353827172
263,568,479,513,-87.7419814392,41.7930335549,-87.7429017950,41.7992986213
264,227,436,432,-87.6427923392,41.8672509302,-87.6304354013,41.8673739901
265,93,457,481,-87.7278400971,41.9596397447,-87.7276488336,41.9536482728
266,935,482,511,-87.6775426805,41.9104746615,-87.6671855677,41.9038371343
267,1309,172,452,-87.6394870000,41.8743880000,-87.6431433136,41.8743749911
268,817,173,174,-87.5867338112,41.7915612996,-87.5866587965,41.7878807986
269,942,175,517,-87.7544891953,41.9606333761,-87.7473099291,41.9534108156
270,1028,483,477,-87.6324846692,41.8869300529,-87.6279755012,41.8868133300
271,132,85,84,-87.6698161320,41.9834758403,-87.6696182646,41.9871464429
272,204,176,484,-87.7167006810,41.9099941530,-87.7263519649,41.9098871747
273,478,177,178,-87.6633710000,41.6921286050,-87.6521369958,41.6922468391
274,23,422,138,-87.7213758725,41.7205363916,-87.7217672671,41.7279259853
275,511,513,179,-87.7429017950,41.7992986213,-87.7526561313,41.7972258202
276,1230,180,181,-87.6492670000,41.9399790000,-87.6494860000,41.9473160000
277,424,390,182,-87.6820559707,41.7209458137,-87.6727269932,41.7210268009
278,74,183,184,-87.7239126305,41.8151964653,-87.7236331985,41.8078845965
279,501,185,186,-87.7042592451,41.8141263473,-87.6944841879,41.8200005579
280,683,454,187,-87.6141238209,41.7218705184,-87.6143728130,41.7291912437
281,513,485,188,-87.7234813825,41.8023199030,-87.7331712375,41.8001597557
282,291,189,190,-87.7080148748,41.9539197161,-87.6982405466,41.9539738893
283,381,472,191,-87.6840417707,41.7938765823,-87.6838306032,41.7865287214
284,778,192,193,-87.7188688921,41.9902531777,-87.7111101202,41.9903823539
285,240,194,486,-87.6566812259,41.8669966156,-87.6663835515,41.8668614894
286,86,195,196,-87.7264496219,41.9061569986,-87.7263538890,41.9026724244
287,711,389,197,-87.6159777837,41.7947387514,-87.6158210351,41.7875170550
288,839,198,147,-87.8064692472,41.9308130241,-87.8062449176,41.9239927300
289,784,199,200,-87.7383852616,41.9900106267,-87.7483259018,41.9898995170
290,1308,172,438,-87.6394870000,41.8743880000,-87.6306498274,41.8750230905
291,47,195,484,-87.7264496219,41.9061569986,-87.7263519649,41.9098871747
292,375,487,201,-87.6827999089,41.7500768239,-87.6826792223,41.7428157102
293,1098,202,203,-87.8036679588,41.8503970437,-87.7834795177,41.8508652038
294,1286,435,488,-87.6242079756,41.8967854548,-87.6327137587,41.8966135008
295,174,472,204,-87.6840417707,41.7938765823,-87.6937979381,41.7936908091
296,1241,205,206,-87.6444110000,41.7652010000,-87.6441830000,41.7560890000
297,72,485,489,-87.7234813825,41.8023199030,-87.7231842393,41.7932048804
298,773,517,175,-87.7473099291,41.9534108156,-87.7544891953,41.9606333761
299,1202,490,207,-87.6435965207,41.7361755329,-87.6438310000,41.7433590000
300,760,516,536,-87.6144348553,41.8921465775,-87.6202539100,41.8920564053
301,1038,525,477,-87.6243932845,41.8881201104,-87.6279755012,41.8868133300
302,330,208,390,-87.6818433650,41.7136737862,-87.6820559707,41.7209458137
303,279,209,210,-87.8269772785,41.9522461047,-87.8170658622,41.9525441412
304,506,491,492,-87.6465040244,41.8471898313,-87.6357040558,41.8528189814
305,1250,211,469,-87.6461050000,41.8307500000,-87.6459390200,41.8234740450
306,881,535,212,-87.6326551935,41.9125081233,-87.6329160039,41.9038829182
307,938,213,214,-87.7122499199,41.9319521753,-87.7004065797,41.9247906731
308,1062,419,529,-87.6642075095,41.8834029305,-87.6667966639,41.8824204795
309,104,149,215,-87.6640211301,41.7721920166,-87.6642207653,41.7794645717
310,848,397,167,-87.8065725496,42.0116985601,-87.8067044083,42.0044655774
311,756,90,216,-87.5365426229,41.7229408788,-87.5352351372,41.7213273835
312,508,493,413,-87.7720738732,41.7933737658,-87.7817994463,41.7923206863
313,758,537,534,-87.6241788145,41.8922146656,-87.6280830338,41.8920739437
314,1049,44,529,-87.6766767359,41.8826894161,-87.6667966639,41.8824204795
315,894,217,426,-87.6462620587,41.9620071198,-87.6446661370,41.9546745987
316,170,489,218,-87.7231842393,41.7932048804,-87.7329635339,41.7931159809
317,880,212,488,-87.6329160039,41.9038829182,-87.6327137587,41.8966135008
318,1216,219,491,-87.6462760000,41.8380460000,-87.6465040244,41.8471898313
319,1210,494,220,-87.6451601810,41.7943014258,-87.6453460000,41.8015850000
320,55,131,221,-87.7280818270,41.9682432719,-87.7282845060,41.9755329771
321,224,486,194,-87.6663835515,41.8668614894,-87.6566812259,41.8669966156
322,283,222,223,-87.7865595079,41.9529165061,-87.7767748032,41.9530561442
323,699,451,224,-87.6173497409,41.8384193074,-87.6174756067,41.8456985660
324,139,215,149,-87.6642207653,41.7794645717,-87.6640211301,41.7721920166
325,203,484,117,-87.7263519649,41.9098871747,-87.7362631113,41.9097555620
326,1182,7,225,-87.6601255489,41.9854624302,-87.6603728465,41.9982086416
327,670,96,8,-87.8366767794,41.9666033160,-87.8365811141,41.9842198520
328,314,226,495,-87.6787543115,41.9541569379,-87.6884662370,41.9540127406
329,280,210,522,-87.8170658622,41.9525441412,-87.8072958873,41.9530500128
330,515,185,227,-87.7042592451,41.8141263473,-87.7140359018,41.8078984272
331,1185,225,7,-87.6603728465,41.9982086416,-87.6601255489,41.9854624302
332,258,120,490,-87.6533401534,41.7359353713,-87.6435965207,41.7361755329
333,157,455,496,-87.6681159637,41.9185851557,-87.6676916196,41.9106302887
334,899,228,471,-87.6236724300,41.8456421900,-87.6238336300,41.8528414365
335,212,535,497,-87.6326551935,41.9125081233,-87.6482722864,41.9109198102
336,1306,432,438,-87.6304354013,41.8673739901,-87.6306498274,41.8750230905
337,582,229,230,-87.6126395686,41.8489774904,-87.6166024014,41.8579616159
338,253,231,171,-87.7020965268,41.7352205764,-87.6921993917,41.7353827172
339,708,232,233,-87.6154170099,41.7729479292,-87.6152977795,41.7657137019
340,620,234,15,-87.6197096297,41.9009799095,-87.6172174757,41.8968836203
341,609,417,430,-87.6087241173,41.8385623150,-87.6005130315,41.8252809001
342,233,474,235,-87.7251959198,41.8661726153,-87.7349647452,41.8660328949
343,106,236,498,-87.6643944942,41.7867468379,-87.6645818143,41.7940243631
344,402,237,238,-87.6882577202,41.9467308090,-87.6881648210,41.9394608157
345,600,217,239,-87.6462620587,41.9620071198,-87.6479690653,41.9694048948
346,366,240,165,-87.6891506986,41.9758915418,-87.6894483335,41.9831676866
347,1268,241,242,-87.6176690026,41.6633815653,-87.6184865673,41.6590818618
348,341,472,243,-87.6840417707,41.7938765823,-87.6842240325,41.8011461815
349,549,158,244,-87.7110164637,41.8518240159,-87.7150041523,41.8516385978
350,718,224,451,-87.6174756067,41.8456985660,-87.6173497409,41.8384193074
351,1251,219,211,-87.6462760000,41.8380460000,-87.6461050000,41.8307500000
352,904,446,445,-87.6241793666,41.8674824582,-87.6243053944,41.8731441384
353,945,245,246,-87.7743631487,41.9829159236,-87.7677385205,41.9756551499
354,263,499,9,-87.5855291629,41.7369140554,-87.5688715208,41.7371535200
355,697,478,247,-87.6169934917,41.8239021825,-87.6171536961,41.8311019192
356,1089,241,51,-87.6176690026,41.6633815653,-87.6413668786,41.6633307131
357,645,248,249,-87.7459861427,41.9023424796,-87.7458120854,41.8949865388
358,398,250,520,-87.6876419126,41.9249006821,-87.6878706559,41.9171295942
359,1186,251,225,-87.6609197072,42.0055400580,-87.6603728465,41.9982086416
360,1192,252,439,-87.6183296049,41.8493446276,-87.6191856058,41.8523616756
361,537,253,500,-87.6954326540,41.8518775686,-87.6856431889,41.8520509239
362,763,130,450,-87.8012161566,41.7846884337,-87.8015483514,41.7919646845
363,49,254,255,-87.7266098963,41.9171671261,-87.7268196342,41.9244849256
364,1218,501,256,-87.6464782081,41.8526642885,-87.6467070000,41.8599120000
365,1124,449,448,-87.7408135918,41.7201439780,-87.7410820903,41.7345408390
366,8,257,494,-87.6548742481,41.7941718792,-87.6451601810,41.7943014258
367,356,502,520,-87.6872206971,41.9103208679,-87.6878706559,41.9171295942
368,79,258,473,-87.7250059157,41.8588692972,-87.7248323347,41.8515699420
369,525,92,259,-87.7666934439,41.9973019905,-87.7642843799,41.9961931764
370,193,496,431,-87.6676916196,41.9106302887,-87.6621543435,41.9107405789
371,77,260,261,-87.7246042169,41.8442561320,-87.7244169525,41.8368832391
372,717,451,247,-87.6173497409,41.8384193074,-87.6171536961,41.8311019192
373,575,262,249,-87.7455239656,41.8879214504,-87.7458120854,41.8949865388
374,317,125,124,-87.6545447389,41.9544883761,-87.6622499597,41.9543781042
375,1225,263,497,-87.6480940000,41.9036360000,-87.6482722864,41.9109198102
376,1235,468,264,-87.6432176471,41.7214581370,-87.6430040000,41.7142150000
377,843,265,266,-87.8070182181,41.9754672964,-87.8071580358,41.9683020657
378,75,267,183,-87.7241023179,41.8229917212,-87.7239126305,41.8151964653
379,1280,392,437,-87.6206544776,41.8845032517,-87.6204480771,41.8879053112
380,9,494,268,-87.6451601810,41.7943014258,-87.6311268155,41.7945346537
381,505,503,491,-87.6657607206,41.8376915712,-87.6465040244,41.8471898313
382,1132,145,144,-87.7437483336,41.8367464556,-87.7435684203,41.8220945568
383,1305,528,172,-87.6276035305,41.8747783767,-87.6394870000,41.8743880000
384,380,191,269,-87.6838306032,41.7865287214,-87.6836393491,41.7792160138
385,940,136,444,-87.7356269436,41.9462441211,-87.7273128567,41.9411532354
386,1299,483,526,-87.6324846692,41.8869300529,-87.6324149630,41.8832849978
387,217,235,474,-87.7349647452,41.8660328949,-87.7251959198,41.8661726153
388,1269,518,527,-87.6245058785,41.8838163271,-87.6278679939,41.8834418829
389,835,450,130,-87.8015483514,41.7919646845,-87.8012161566,41.7846884337
390,1239,504,207,-87.6440073209,41.7506405185,-87.6438310000,41.7433590000
391,891,271,272,-87.6384061142,41.9403852584,-87.6320383197,41.9334267489
392,807,465,273,-87.5851206518,41.7223448274,-87.5873750000,41.6925060918
393,890,272,274,-87.6320383197,41.9334267489,-87.6312101638,41.9260838613
394,1181,275,173,-87.5803012154,41.7924178277,-87.5867338112,41.7915612996
395,587,276,364,-87.6174880708,41.8809176639,-87.6141227919,41.8844211471
396,161,277,278,-87.6688581308,41.9469901152,-87.6686616755,41.9396964998
397,831,168,167,-87.8067970161,41.9977752778,-87.8067044083,42.0044655774
398,324,169,279,-87.7657241677,41.9093787295,-87.7557956222,41.9095012727
399,987,114,280,-87.5597753832,41.7154054717,-87.5596656455,41.7081679762
400,572,470,154,-87.7447718015,41.8659427313,-87.7449909945,41.8731392068
401,492,177,116,-87.6633710000,41.6921286050,-87.6705316721,41.6919270142
402,596,272,271,-87.6320383197,41.9334267489,-87.6384061142,41.9403852584
403,119,160,129,-87.6671426371,41.8909773963,-87.6672915149,41.8960736393
404,78,473,260,-87.7248323347,41.8515699420,-87.7246042169,41.8442561320
405,1211,220,152,-87.6453460000,41.8015850000,-87.6455390000,41.8088640000
406,405,281,282,-87.6889065808,41.9686149246,-87.6886829943,41.9613128481
407,856,283,440,-87.7964589041,41.9788686125,-87.8069018047,41.9819801971
408,46,196,195,-87.7263538890,41.9026724244,-87.7264496219,41.9061569986
409,611,230,229,-87.6166024014,41.8579616159,-87.6126395686,41.8489774904
410,584,508,428,-87.6194490966,41.8675066759,-87.6172893969,41.8732685796
411,24,138,467,-87.7217672671,41.7279259853,-87.7214672168,41.7348569432
412,577,248,460,-87.7459861427,41.9023424796,-87.7461005015,41.9096272103
413,925,10,435,-87.6241721350,41.9008286500,-87.6242079756,41.8967854548
414,529,259,92,-87.7642843799,41.9961931764,-87.7666934439,41.9973019905
415,1259,505,532,-87.6477450000,41.8963970000,-87.6478923006,41.8916594147
416,816,174,284,-87.5866587965,41.7878807986,-87.5864378217,41.7806535961
417,846,168,285,-87.8067970161,41.9977752778,-87.8068799715,41.9899791066
418,1236,286,468,-87.6434160000,41.7287670000,-87.6432176471,41.7214581370
419,1262,287,497,-87.6485080000,41.9181800000,-87.6482722864,41.9109198102
420,3,288,204,-87.7035540780,41.7935139080,-87.6937979381,41.7936908091
421,776,199,420,-87.7383852616,41.9900106267,-87.7286003996,41.9898026783
422,4,204,472,-87.6937979381,41.7936908091,-87.6840417707,41.7938765823
423,632,289,425,-87.7417822019,41.7618990650,-87.7413788983,41.7491988649
424,531,290,151,-87.7394800407,41.8513755877,-87.7345089641,41.8514453707
425,517,506,186,-87.6848985874,41.8259770206,-87.6944841879,41.8200005579
426,141,498,236,-87.6645818143,41.7940243631,-87.6643944942,41.7867468379
427,932,291,292,-87.7878903165,41.9973521769,-87.8012417611,42.0119827303
428,16,133,132,-87.7525074215,41.7928878304,-87.7622350300,41.7926424900
429,335,487,293,-87.6827999089,41.7500768239,-87.6831024809,41.7592321214
430,560,471,127,-87.6238336300,41.8528414365,-87.6270532698,41.8528614434
431,33,485,184,-87.7234813825,41.8023199030,-87.7236331985,41.8078845965
432,1242,294,205,-87.6445970000,41.7724720000,-87.6444110000,41.7652010000
433,1246,220,494,-87.6453460000,41.8015850000,-87.6451601810,41.7943014258
434,967,295,459,-87.6750742400,41.8231497200,-87.6654091294,41.8231636198
435,504,296,503,-87.6753714605,41.8318264945,-87.6657607206,41.8376915712
436,371,390,208,-87.6820559707,41.7209458137,-87.6818433650,41.7136737862
437,247,413,493,-87.7817994463,41.7923206863,-87.7720738732,41.7933737658
438,913,471,228,-87.6238336300,41.8528414365,-87.6236724300,41.8456421900
439,386,506,458,-87.6848985874,41.8259770206,-87.6848883856,41.8230606699
440,169,218,479,-87.7329635339,41.7931159809,-87.7419814392,41.7930335549
441,1056,392,518,-87.6206544776,41.8845032517,-87.6245058785,41.8838163271
442,474,297,298,-87.5598730411,41.7226376331,-87.5753665052,41.7225050884
443,1295,477,527,-87.6279755012,41.8868133300,-87.6278679939,41.8834418829
444,137,150,507,-87.6637959826,41.7649090287,-87.6634537368,41.7503925553
445,1117,121,299,-87.7008277065,41.6915677882,-87.7203072881,41.6913159037
446,789,427,300,-87.6896878167,41.9904812394,-87.6993987921,41.9904379546
447,812,301,405,-87.5859296609,41.7587843899,-87.5857798097,41.7514866523
448,294,226,453,-87.6787543115,41.9541569379,-87.6690488604,41.9542903537
449,1253,501,491,-87.6464782081,41.8526642885,-87.6465040244,41.8471898313
450,421,162,464,-87.6051897028,41.7512528176,-87.6149529585,41.7511357532
451,546,151,290,-87.7345089641,41.8514453707,-87.7394800407,41.8513755877
452,323,170,169,-87.7756155014,41.9092626362,-87.7657241677,41.9093787295
453,211,497,431,-87.6482722864,41.9109198102,-87.6621543435,41.9107405789
454,238,123,463,-87.6762496945,41.8667545711,-87.6860384135,41.8666125430
455,518,296,506,-87.6753714605,41.8318264945,-87.6848985874,41.8259770206
456,445,487,302,-87.6827999089,41.7500768239,-87.6730838417,41.7502803437
457,277,499,303,-87.5855291629,41.7369140554,-87.6048228338,41.7366494092
458,534,244,158,-87.7150041523,41.8516385978,-87.7110164637,41.8518240159
459,407,165,240,-87.6894483335,41.9831676866,-87.6891506986,41.9758915418
460,452,507,302,-87.6634537368,41.7503925553,-87.6730838417,41.7502803437
461,347,304,500,-87.6852228030,41.8390740156,-87.6856431889,41.8520509239
462,737,214,213,-87.7004065797,41.9247906731,-87.7122499199,41.9319521753
463,363,495,282,-87.6884662370,41.9540127406,-87.6886829943,41.9613128481
464,1011,397,35,-87.8065725496,42.0116985601,-87.8163266230,42.0114591154
465,307,517,305,-87.7473099291,41.9534108156,-87.7571477205,41.9532997230
466,1291,407,505,-87.6553853099,41.8962590126,-87.6477450000,41.8963970000
467,243,432,436,-87.6304354013,41.8673739901,-87.6427923392,41.8672509302
468,624,306,307,-87.7461125218,41.9169310516,-87.7462685680,41.9242313603
469,168,94,209,-87.8366858914,41.9520506156,-87.8269772785,41.9522461047
470,408,427,165,-87.6896878167,41.9904812394,-87.6894483335,41.9831676866
471,28,137,118,-87.7224225784,41.7641012309,-87.7226265936,41.7713749274
472,342,243,308,-87.6842240325,41.8011461815,-87.6844253566,41.8084257503
473,612,508,230,-87.6194490966,41.8675066759,-87.6166024014,41.8579616159
474,1215,211,219,-87.6461050000,41.8307500000,-87.6462760000,41.8380460000
475,295,453,124,-87.6690488604,41.9542903537,-87.6622499597,41.9543781042
476,536,159,253,-87.7052172041,41.8518820663,-87.6954326540,41.8518775686
477,389,309,500,-87.6858710000,41.8575060000,-87.6856431889,41.8520509239
478,286,305,517,-87.7571477205,41.9532997230,-87.7473099291,41.9534108156
479,255,476,310,-87.6825140358,41.7355272847,-87.6727850236,41.7356543821
480,6,148,498,-87.6743005662,41.7939163166,-87.6645818143,41.7940243631
481,54,457,131,-87.7278400971,41.9596397447,-87.7280818270,41.9682432719
482,71,489,311,-87.7231842393,41.7932048804,-87.7230120465,41.7859375521
483,1304,387,452,-87.6470775000,41.8743380000,-87.6431433136,41.8743749911
484,14,493,0,-87.7720738732,41.7933737658,-87.7793500000,41.7924861906
485,647,306,460,-87.7461125218,41.9169310516,-87.7461005015,41.9096272103
486,887,312,313,-87.5791916234,41.7952192481,-87.5815751194,41.8027393099
487,344,314,458,-87.6846283806,41.8156959283,-87.6848883856,41.8230606699
488,1100,315,509,-87.7636968464,41.8510564981,-87.7442589280,41.8512936900
489,961,537,534,-87.6241788145,41.8922146656,-87.6280830338,41.8920739437
490,696,316,478,-87.6167827805,41.8166356389,-87.6169934917,41.8239021825
491,1063,529,44,-87.6667966639,41.8824204795,-87.6766767359,41.8826894161
492,1127,509,470,-87.7442589280,41.8512936900,-87.7447718015,41.8659427313
493,5,472,148,-87.6840417707,41.7938765823,-87.6743005662,41.7939163166
494,1033,523,461,-87.6369662477,41.8830592679,-87.6367564873,41.8773034432
495,777,420,192,-87.7286003996,41.9898026783,-87.7188688921,41.9902531777
496,449,317,318,-87.6926378265,41.7499030365,-87.7024147449,41.7497131344
497,59,319,299,-87.7206780816,41.6985630710,-87.7203072881,41.6913159037
498,634,134,320,-87.7422979296,41.7784106910,-87.7420496526,41.7711263757
499,68,118,137,-87.7226265936,41.7713749274,-87.7224225784,41.7641012309
500,378,321,322,-87.6834442361,41.7719776150,-87.6832426830,41.7647022130
501,159,323,324,-87.6683940094,41.9324035411,-87.6681458144,41.9251515799
502,487,325,385,-87.6329230833,41.6924612339,-87.6423678761,41.6923662058
503,949,480,43,-87.6864614559,41.8826289903,-87.6963223013,41.8824454653
504,379,269,321,-87.6836393491,41.7792160138,-87.6834442361,41.7719776150
505,947,291,326,-87.7878903165,41.9973521769,-87.7810345492,41.9901955144
506,44,327,328,-87.7258468072,41.8854677970,-87.7261375752,41.8953686205
507,305,329,223,-87.7669997152,41.9531845842,-87.7767748032,41.9530561442
508,966,458,295,-87.6848883856,41.8230606699,-87.6750742400,41.8231497200
509,368,330,423,-87.6813877158,41.6990789604,-87.6811591434,41.6918107595
510,387,304,506,-87.6852228030,41.8390740156,-87.6848985874,41.8259770206
511,284,223,329,-87.7767748032,41.9530561442,-87.7669997152,41.9531845842
512,1051,419,412,-87.6642075095,41.8834029305,-87.6569471829,41.8825274437
513,439,425,331,-87.7413788983,41.7491988649,-87.7316053336,41.7493410410
514,252,218,489,-87.7329635339,41.7931159809,-87.7231842393,41.7932048804
515,593,332,441,-87.6244709902,41.9039971990,-87.6263423701,41.9121278770
516,191,502,482,-87.6872206971,41.9103208679,-87.6775426805,41.9104746615
517,759,536,537,-87.6202539100,41.8920564053,-87.6241788145,41.8922146656
518,908,518,525,-87.6245058785,41.8838163271,-87.6243932845,41.8881201104
519,343,308,314,-87.6844253566,41.8084257503,-87.6846283806,41.8156959283
520,787,193,192,-87.7111101202,41.9903823539,-87.7188688921,41.9902531777
521,551,253,159,-87.6954326540,41.8518775686,-87.7052172041,41.8518820663
522,1271,533,412,-87.6473885655,41.8827534785,-87.6569471829,41.8825274437
523,205,333,176,-87.7069604653,41.9101153284,-87.7167006810,41.9099941530
524,1232,334,385,-87.6426070000,41.6996400000,-87.6423678761,41.6923662058
525,1217,491,501,-87.6465040244,41.8471898313,-87.6464782081,41.8526642885
526,271,462,310,-87.6630651328,41.7357897840,-87.6727850236,41.7356543821
527,815,284,335,-87.5864378217,41.7806535961,-87.5862177589,41.7733510403
528,520,491,503,-87.6465040244,41.8471898313,-87.6657607206,41.8376915712
529,70,311,119,-87.7230120465,41.7859375521,-87.7228106739,41.7786592102
530,318,429,125,-87.6497230883,41.9545786712,-87.6545447389,41.9544883761
531,418,318,336,-87.7024147449,41.7497131344,-87.7118891515,41.7496834360
532,377,322,293,-87.6832426830,41.7647022130,-87.6831024809,41.7592321214
533,183,337,467,-87.7311605994,41.7346896094,-87.7214672168,41.7348569432
534,927,407,511,-87.6553853099,41.8962590126,-87.6671855677,41.9038371343
535,651,164,163,-87.7470530007,41.9461199479,-87.7468782505,41.9388195735
536,172,288,338,-87.7035540780,41.7935139080,-87.7136058279,41.7932777583
537,26,339,466,-87.7217297573,41.7421800119,-87.7219239835,41.7495525981
538,690,232,340,-87.6154170099,41.7729479292,-87.6156362223,41.7801827226
539,838,147,146,-87.8062449176,41.9239927300,-87.8059915048,41.9161697835
540,792,141,510,-87.6721464865,41.9907800358,-87.6699095070,41.9894761112
541,373,476,157,-87.6825140358,41.7355272847,-87.6822996518,41.7282296739
542,67,137,466,-87.7224225784,41.7641012309,-87.7219239835,41.7495525981
543,822,341,280,-87.5595747180,41.7009764643,-87.5596656455,41.7081679762
544,1034,519,523,-87.6361877076,41.8860531610,-87.6369662477,41.8830592679
545,1133,509,145,-87.7442589280,41.8512936900,-87.7437483336,41.8367464556
546,443,318,317,-87.7024147449,41.7497131344,-87.6926378265,41.7499030365
547,1256,387,475,-87.6470775000,41.8743380000,-87.6469186749,41.8671530501
548,1266,181,180,-87.6494860000,41.9473160000,-87.6492670000,41.9399790000
549,686,342,464,-87.6147425866,41.7438102497,-87.6149529585,41.7511357532
550,419,126,343,-87.6245261121,41.7509670613,-87.6341953570,41.7507416333
551,282,344,222,-87.7962723576,41.9527428963,-87.7865595079,41.9529165061
552,943,521,175,-87.7612773057,41.9684282231,-87.7544891953,41.9606333761
553,739,270,444,-87.7239503374,41.9391415298,-87.7273128567,41.9411532354
554,755,216,106,-87.5352351372,41.7213273835,-87.5352755345,41.7128129418
555,306,305,329,-87.7571477205,41.9532997230,-87.7669997152,41.9531845842
556,1247,152,220,-87.6455390000,41.8088640000,-87.6453460000,41.8015850000
557,1083,345,110,-87.5888042860,41.6599560196,-87.5592865910,41.6591907623
558,514,227,485,-87.7140359018,41.8078984272,-87.7234813825,41.8023199030
559,465,346,433,-87.6529437880,41.7212894123,-87.6626457403,41.7212001622
560,1171,415,143,-87.8057322715,41.9088702382,-87.8053007941,41.8942683013
561,516,186,185,-87.6944841879,41.8200005579,-87.7042592451,41.8141263473
562,753,216,90,-87.5352351372,41.7213273835,-87.5365426229,41.7229408788
563,1254,256,501,-87.6467070000,41.8599120000,-87.6464782081,41.8526642885
564,358,250,347,-87.6876419126,41.9249006821,-87.6877498545,41.9279818073
565,401,238,456,-87.6881648210,41.9394608157,-87.6878846477,41.9321679414
566,1213,140,469,-87.6457250000,41.8161840000,-87.6459390200,41.8234740450
567,1252,491,219,-87.6465040244,41.8471898313,-87.6462760000,41.8380460000
568,322,348,170,-87.7849639298,41.9091116667,-87.7756155014,41.9092626362
569,178,494,257,-87.6451601810,41.7943014258,-87.6548742481,41.7941718792
570,184,467,349,-87.7214672168,41.7348569432,-87.7119940075,41.7350214421
571,309,481,350,-87.7276488336,41.9536482728,-87.7380639429,41.9535294027
572,82,447,153,-87.7257432412,41.8819638220,-87.7255338018,41.8752773266
573,975,459,295,-87.6654091294,41.8231636198,-87.6750742400,41.8231497200
574,636,479,135,-87.7419814392,41.7930335549,-87.7414093010,41.7843180193
575,490,273,351,-87.5873750000,41.6925060918,-87.6098555211,41.6927636823
576,441,466,336,-87.7219239835,41.7495525981,-87.7118891515,41.7496834360
577,91,444,352,-87.7273128567,41.9411532354,-87.7270297490,41.9317913323
578,144,115,353,-87.6651481930,41.8158707968,-87.6649725165,41.8086044407
579,1203,207,504,-87.6438310000,41.7433590000,-87.6440073209,41.7506405185
580,69,119,118,-87.7228106739,41.7786592102,-87.7226265936,41.7713749274
581,595,274,272,-87.6312101638,41.9260838613,-87.6320383197,41.9334267489
582,20,319,355,-87.7206780816,41.6985630710,-87.7209583305,41.7059038427
583,1188,84,510,-87.6696182646,41.9871464429,-87.6699095070,41.9894761112
584,121,511,496,-87.6671855677,41.9038371343,-87.6676916196,41.9106302887
585,35,183,267,-87.7239126305,41.8151964653,-87.7241023179,41.8229917212
586,1270,523,530,-87.6369662477,41.8830592679,-87.6435195860,41.8827220858
587,592,234,332,-87.6197096297,41.9009799095,-87.6244709902,41.9039971990
588,1227,287,356,-87.6485080000,41.9181800000,-87.6487600000,41.9254540000
589,542,501,492,-87.6464782081,41.8526642885,-87.6357040558,41.8528189814
590,834,130,65,-87.8012161566,41.7846884337,-87.8009166419,41.7772854536
591,801,405,301,-87.5857798097,41.7514866523,-87.5859296609,41.7587843899
592,512,188,513,-87.7331712375,41.8001597557,-87.7429017950,41.7992986213
593,621,332,234,-87.6244709902,41.9039971990,-87.6197096297,41.9009799095
594,580,430,417,-87.6005130315,41.8252809001,-87.6087241173,41.8385623150
595,374,201,476,-87.6826792223,41.7428157102,-87.6825140358,41.7355272847
596,304,223,222,-87.7767748032,41.9530561442,-87.7865595079,41.9529165061
597,470,357,454,-87.6045028178,41.7220887121,-87.6141238209,41.7218705184
598,349,309,463,-87.6858710000,41.8575060000,-87.6860384135,41.8666125430
599,980,77,478,-87.6068944200,41.8239785300,-87.6169934917,41.8239021825
600,329,358,208,-87.6816203656,41.7063763231,-87.6818433650,41.7136737862
601,1172,266,522,-87.8071580358,41.9683020657,-87.8072958873,41.9530500128
602,968,459,469,-87.6654091294,41.8231636198,-87.6459390200,41.8234740450
603,350,463,359,-87.6860384135,41.8666125430,-87.6862695002,41.8760836200
604,886,275,312,-87.5803012154,41.7924178277,-87.5791916234,41.7952192481
605,811,405,360,-87.5857798097,41.7514866523,-87.5855908847,41.7442174086
606,1091,110,345,-87.5592865910,41.6591907623,-87.5888042860,41.6599560196
607,767,147,198,-87.8062449176,41.9239927300,-87.8064692472,41.9308130241
608,800,360,405,-87.5855908847,41.7442174086,-87.5857798097,41.7514866523
609,693,389,361,-87.6159777837,41.7947387514,-87.6161582487,41.8021107675
610,629,517,11,-87.7473099291,41.9534108156,-87.7475744571,41.9622563669
611,798,362,499,-87.5852526364,41.7296123655,-87.5855291629,41.7369140554
612,1099,203,315,-87.7834795177,41.8508652038,-87.7636968464,41.8510564981
613,114,512,363,-87.6659829714,41.8523418111,-87.6661381330,41.8577937469
614,616,364,276,-87.6141227919,41.8844211471,-87.6174880708,41.8809176639
615,90,352,255,-87.7270297490,41.9317913323,-87.7268196342,41.9244849256
616,710,197,340,-87.6158210351,41.7875170550,-87.6156362223,41.7801827226
617,458,128,465,-87.5947329753,41.7221397437,-87.5851206518,41.7223448274
618,409,504,343,-87.6440073209,41.7506405185,-87.6341953570,41.7507416333
619,569,513,365,-87.7429017950,41.7992986213,-87.7431423829,41.8076275546
620,1298,20,526,-87.6323072112,41.8781421825,-87.6324149630,41.8832849978
621,946,326,245,-87.7810345492,41.9901955144,-87.7743631487,41.9829159236
622,274,366,490,-87.6251032225,41.7363093339,-87.6435965207,41.7361755329
623,34,184,183,-87.7236331985,41.8078845965,-87.7239126305,41.8151964653
624,1001,39,26,-87.7090553951,42.0118568538,-87.6997452648,42.0121135858
625,1240,206,504,-87.6441830000,41.7560890000,-87.6440073209,41.7506405185
626,153,160,529,-87.6671426371,41.8909773963,-87.6667966639,41.8824204795
627,471,128,357,-87.5947329753,41.7221397437,-87.6045028178,41.7220887121
628,786,192,420,-87.7188688921,41.9902531777,-87.7286003996,41.9898026783
629,829,440,285,-87.8069018047,41.9819801971,-87.8068799715,41.9899791066
630,300,210,209,-87.8170658622,41.9525441412,-87.8269772785,41.9522461047
631,1173,242,241,-87.6184865673,41.6590818618,-87.6176690026,41.6633815653
632,370,208,358,-87.6818433650,41.7136737862,-87.6816203656,41.7063763231
633,656,528,515,-87.6276035305,41.8747783767,-87.6244041776,41.8757599268
634,1283,23,536,-87.6204177839,41.8967364992,-87.6202539100,41.8920564053
635,862,534,537,-87.6280830338,41.8920739437,-87.6241788145,41.8922146656
636,804,335,284,-87.5862177589,41.7733510403,-87.5864378217,41.7806535961
637,207,502,367,-87.6872206971,41.9103208679,-87.6970348625,41.9102173424
638,463,182,390,-87.6727269932,41.7210268009,-87.6820559707,41.7209458137
639,98,433,368,-87.6626457403,41.7212001622,-87.6628515776,41.7284821671
640,605,313,312,-87.5815751194,41.8027393099,-87.5791916234,41.7952192481
641,826,246,245,-87.7677385205,41.9756551499,-87.7743631487,41.9829159236
642,143,353,369,-87.6649725165,41.8086044407,-87.6647764782,41.8013182144
643,1170,143,74,-87.8053007941,41.8942683013,-87.8047488066,41.8796992839
644,884,441,535,-87.6263423701,41.9121278770,-87.6326551935,41.9125081233
645,808,362,465,-87.5852526364,41.7296123655,-87.5851206518,41.7223448274
646,327,423,330,-87.6811591434,41.6918107595,-87.6813877158,41.6990789604
647,1200,468,286,-87.6432176471,41.7214581370,-87.6434160000,41.7287670000
648,1263,356,287,-87.6487600000,41.9254540000,-87.6485080000,41.9181800000
649,1208,370,371,-87.6447870000,41.7797510000,-87.6449700000,41.7870250000
650,38,260,473,-87.7246042169,41.8442561320,-87.7248323347,41.8515699420
651,118,529,160,-87.6667966639,41.8824204795,-87.6671426371,41.8909773963
652,66,466,339,-87.7219239835,41.7495525981,-87.7217297573,41.7421800119
653,399,347,250,-87.6877498545,41.9279818073,-87.6876419126,41.9249006821
654,775,200,199,-87.7483259018,41.9898995170,-87.7383852616,41.9900106267
655,622,441,332,-87.6263423701,41.9121278770,-87.6244709902,41.9039971990
656,1276,508,442,-87.6194490966,41.8675066759,-87.6204798614,41.8732053290
657,1265,180,373,-87.6492670000,41.9399790000,-87.6490100000,41.9327190000
658,337,322,321,-87.6832426830,41.7647022130,-87.6834442361,41.7719776150
659,430,374,454,-87.6205327319,41.7217734155,-87.6141238209,41.7218705184
660,597,271,375,-87.6384061142,41.9403852584,-87.6433589442,41.9486497120
661,97,420,376,-87.7286003996,41.9898026783,-87.7285010089,41.9828324978
662,489,351,377,-87.6098555211,41.6927636823,-87.6210378457,41.6926191072
663,674,87,97,-87.6304136289,41.8382413967,-87.6311072214,41.8455551655
664,65,339,467,-87.7217297573,41.7421800119,-87.7214672168,41.7348569432
665,707,233,378,-87.6152977795,41.7657137019,-87.6150794658,41.7584040723
666,293,495,226,-87.6884662370,41.9540127406,-87.6787543115,41.9541569379
667,376,293,487,-87.6831024809,41.7592321214,-87.6827999089,41.7500768239
668,628,164,517,-87.7470530007,41.9461199479,-87.7473099291,41.9534108156
669,1196,385,334,-87.6423678761,41.6923662058,-87.6426070000,41.6996400000
670,134,462,368,-87.6630651328,41.7357897840,-87.6628515776,41.7284821671
671,545,127,471,-87.6270532698,41.8528614434,-87.6238336300,41.8528414365
672,92,481,444,-87.7276488336,41.9536482728,-87.7273128567,41.9411532354
673,480,385,325,-87.6423678761,41.6923662058,-87.6329230833,41.6924612339
674,396,502,379,-87.6872206971,41.9103208679,-87.6870267628,41.9030161269
675,858,380,381,-87.7782361969,41.9731910875,-87.7878578422,41.9762582333
676,692,197,389,-87.6158210351,41.7875170550,-87.6159777837,41.7947387514
677,540,512,382,-87.6659829714,41.8523418111,-87.6561814965,41.8525425812
678,709,340,232,-87.6156362223,41.7801827226,-87.6154170099,41.7729479292
679,827,245,326,-87.7743631487,41.9829159236,-87.7810345492,41.9901955144
680,384,314,308,-87.6846283806,41.8156959283,-87.6844253566,41.8084257503
681,266,349,467,-87.7119940075,41.7350214421,-87.7214672168,41.7348569432
682,570,365,383,-87.7431423829,41.8076275546,-87.7433350339,41.8149309658
683,548,244,473,-87.7150041523,41.8516385978,-87.7248323347,41.8515699420
684,1307,438,432,-87.6306498274,41.8750230905,-87.6304354013,41.8673739901
685,774,384,200,-87.7508948881,41.9902248879,-87.7483259018,41.9898995170
686,635,135,134,-87.7414093010,41.7843180193,-87.7422979296,41.7784106910
687,52,444,481,-87.7273128567,41.9411532354,-87.7276488336,41.9536482728
688,712,361,389,-87.6161582487,41.8021107675,-87.6159777837,41.7947387514
689,43,447,327,-87.7257432412,41.8819638220,-87.7258468072,41.8854677970
690,195,497,535,-87.6482722864,41.9109198102,-87.6326551935,41.9125081233
691,486,385,178,-87.6423678761,41.6923662058,-87.6521369958,41.6922468391
692,499,485,227,-87.7234813825,41.8023199030,-87.7140359018,41.8078984272
693,186,117,484,-87.7362631113,41.9097555620,-87.7263519649,41.9098871747
694,297,125,429,-87.6545447389,41.9544883761,-87.6497230883,41.9545786712
695,1090,345,242,-87.5888042860,41.6599560196,-87.6184865673,41.6590818618
696,814,335,386,-87.5862177589,41.7733510403,-87.5860988881,41.7660866339
697,1220,475,387,-87.6469186749,41.8671530501,-87.6470775000,41.8743380000
698,623,460,306,-87.7461005015,41.9096272103,-87.7461125218,41.9169310516
699,11,388,389,-87.6257010468,41.7946431868,-87.6159777837,41.7947387514
700,107,498,369,-87.6645818143,41.7940243631,-87.6647764782,41.8013182144
701,451,302,487,-87.6730838417,41.7502803437,-87.6827999089,41.7500768239
702,209,496,482,-87.6676916196,41.9106302887,-87.6775426805,41.9104746615
703,851,283,381,-87.7964589041,41.9788686125,-87.7878578422,41.9762582333
704,771,266,265,-87.8071580358,41.9683020657,-87.8070182181,41.9754672964
705,260,366,514,-87.6251032225,41.7363093339,-87.6145095268,41.7365017057
706,108,369,353,-87.6647764782,41.8013182144,-87.6649725165,41.8086044407
707,331,390,157,-87.6820559707,41.7209458137,-87.6822996518,41.7282296739
708,103,150,149,-87.6637959826,41.7649090287,-87.6640211301,41.7721920166
709,482,377,351,-87.6210378457,41.6926191072,-87.6098555211,41.6927636823
710,977,156,469,-87.6305084200,41.8238145300,-87.6459390200,41.8234740450
711,971,391,478,-87.6264484200,41.8239185300,-87.6169934917,41.8239021825
712,1153,522,266,-87.8072958873,41.9530500128,-87.8071580358,41.9683020657
713,1151,74,143,-87.8047488066,41.8796992839,-87.8053007941,41.8942683013
714,933,407,532,-87.6553853099,41.8962590126,-87.6478923006,41.8916594147
715,1209,371,494,-87.6449700000,41.7870250000,-87.6451601810,41.7943014258
716,411,126,464,-87.6245261121,41.7509670613,-87.6149529585,41.7511357532
717,893,426,375,-87.6446661370,41.9546745987,-87.6433589442,41.9486497120
718,123,455,324,-87.6681159637,41.9185851557,-87.6681458144,41.9251515799
719,1300,12,443,-87.6471452931,41.8779482048,-87.6432556495,41.8779971690
720,544,471,439,-87.6238336300,41.8528414365,-87.6191856058,41.8523616756
721,1281,536,437,-87.6202539100,41.8920564053,-87.6204480771,41.8879053112
722,301,522,210,-87.8072958873,41.9530500128,-87.8170658622,41.9525441412
723,194,431,497,-87.6621543435,41.9107405789,-87.6482722864,41.9109198102
724,638,365,513,-87.7431423829,41.8076275546,-87.7429017950,41.7992986213
725,1221,387,12,-87.6470775000,41.8743380000,-87.6471452931,41.8779482048
726,903,393,446,-87.6240082200,41.8602050000,-87.6241793666,41.8674824582
727,1102,203,202,-87.7834795177,41.8508652038,-87.8036679588,41.8503970437
728,1302,528,445,-87.6276035305,41.8747783767,-87.6243053944,41.8731441384
729,491,116,177,-87.6705316721,41.6919270142,-87.6633710000,41.6921286050
730,239,486,123,-87.6663835515,41.8668614894,-87.6762496945,41.8667545711
731,312,190,189,-87.6982405466,41.9539738893,-87.7080148748,41.9539197161
732,1204,504,206,-87.6440073209,41.7506405185,-87.6441830000,41.7560890000
733,892,375,271,-87.6433589442,41.9486497120,-87.6384061142,41.9403852584
734,446,302,507,-87.6730838417,41.7502803437,-87.6634537368,41.7503925553
735,268,171,231,-87.6921993917,41.7353827172,-87.7020965268,41.7352205764
736,646,460,248,-87.7461005015,41.9096272103,-87.7459861427,41.9023424796
737,229,86,59,-87.7643536014,41.8656187483,-87.7741677052,41.8655121189
738,460,298,297,-87.5753665052,41.7225050884,-87.5598730411,41.7226376331
739,788,300,193,-87.6993987921,41.9904379546,-87.7111101202,41.9903823539
740,200,279,169,-87.7557956222,41.9095012727,-87.7657241677,41.9093787295
741,852,381,380,-87.7878578422,41.9762582333,-87.7782361969,41.9731910875
742,1201,286,490,-87.6434160000,41.7287670000,-87.6435965207,41.7361755329
743,88,254,484,-87.7266098963,41.9171671261,-87.7263519649,41.9098871747
744,494,493,394,-87.7720738732,41.7933737658,-87.7624017996,41.7957113818
745,1055,364,392,-87.6141227919,41.8844211471,-87.6206544776,41.8845032517
746,1178,173,275,-87.5867338112,41.7915612996,-87.5803012154,41.7924178277
747,146,395,459,-87.6655682509,41.8305013543,-87.6654091294,41.8231636198
748,61,396,355,-87.7211753777,41.7131728072,-87.7209583305,41.7059038427
749,25,467,339,-87.7214672168,41.7348569432,-87.7217297573,41.7421800119
750,1226,497,287,-87.6482722864,41.9109198102,-87.6485080000,41.9181800000
751,879,488,531,-87.6327137587,41.8966135008,-87.6325820556,41.8921566547
752,994,35,397,-87.8163266230,42.0114591154,-87.8065725496,42.0116985601
753,642,434,154,-87.7452483261,41.8811648046,-87.7449909945,41.8731392068
754,526,259,384,-87.7642843799,41.9961931764,-87.7508948881,41.9902248879
755,950,43,42,-87.6963223013,41.8824454653,-87.7061592615,41.8823379813
756,262,303,499,-87.6048228338,41.7366494092,-87.5855291629,41.7369140554
757,473,298,465,-87.5753665052,41.7225050884,-87.5851206518,41.7223448274
758,406,240,281,-87.6891506986,41.9758915418,-87.6889065808,41.9686149246
759,1105,290,509,-87.7394800407,41.8513755877,-87.7442589280,41.8512936900
760,394,398,155,-87.6868425976,41.8957432454,-87.6866945095,41.8906480588
761,140,236,215,-87.6643944942,41.7867468379,-87.6642207653,41.7794645717
762,782,399,141,-87.6798591718,41.9906874238,-87.6721464865,41.9907800358
763,372,157,390,-87.6822996518,41.7282296739,-87.6820559707,41.7209458137
764,53,481,457,-87.7276488336,41.9536482728,-87.7278400971,41.9596397447
765,1214,469,211,-87.6459390200,41.8234740450,-87.6461050000,41.8307500000
766,267,231,349,-87.7020965268,41.7352205764,-87.7119940075,41.7350214421
767,591,516,234,-87.6144348553,41.8921465775,-87.6197096297,41.9009799095
768,859,400,380,-87.7675621377,41.9703337385,-87.7782361969,41.9731910875
769,698,247,451,-87.6171536961,41.8311019192,-87.6173497409,41.8384193074
770,51,352,444,-87.7270297490,41.9317913323,-87.7273128567,41.9411532354
771,934,511,407,-87.6671855677,41.9038371343,-87.6553853099,41.8962590126
772,220,401,402,-87.7056692013,41.8664053068,-87.6959074904,41.8665106674
773,1040,22,437,-87.6141374654,41.8875754735,-87.6204480771,41.8879053112
774,1244,371,370,-87.6449700000,41.7870250000,-87.6447870000,41.7797510000
775,864,536,516,-87.6202539100,41.8920564053,-87.6144348553,41.8921465775
776,828,265,440,-87.8070182181,41.9754672964,-87.8069018047,41.9819801971
777,979,478,391,-87.6169934917,41.8239021825,-87.6264484200,41.8239185300
778,809,499,362,-87.5855291629,41.7369140554,-87.5852526364,41.7296123655
779,1264,373,356,-87.6490100000,41.9327190000,-87.6487600000,41.9254540000
780,719,252,224,-87.6183296049,41.8493446276,-87.6174756067,41.8456985660
781,308,350,517,-87.7380639429,41.9535294027,-87.7473099291,41.9534108156
782,135,404,462,-87.6632515607,41.7430767633,-87.6630651328,41.7357897840
783,564,289,320,-87.7417822019,41.7618990650,-87.7420496526,41.7711263757
784,423,405,161,-87.5857798097,41.7514866523,-87.5954137754,41.7513124478
785,112,395,503,-87.6655682509,41.8305013543,-87.6657607206,41.8376915712
786,21,355,396,-87.7209583305,41.7059038427,-87.7211753777,41.7131728072
787,1036,483,519,-87.6324846692,41.8869300529,-87.6361877076,41.8860531610
788,365,281,240,-87.6889065808,41.9686149246,-87.6891506986,41.9758915418
789,539,406,512,-87.6758605490,41.8521626271,-87.6659829714,41.8523418111
790,976,469,459,-87.6459390200,41.8234740450,-87.6654091294,41.8231636198
791,1187,30,251,-87.6634502100,42.0128388751,-87.6609197072,42.0055400580
792,799,499,360,-87.5855291629,41.7369140554,-87.5855908847,41.7442174086
793,1082,242,345,-87.6184865673,41.6590818618,-87.5888042860,41.6599560196
794,385,458,314,-87.6848883856,41.8230606699,-87.6846283806,41.8156959283
795,653,11,517,-87.7475744571,41.9622563669,-87.7473099291,41.9534108156
796,926,13,532,-87.6444303335,41.8890264679,-87.6478923006,41.8916594147
797,278,9,499,-87.5688715208,41.7371535200,-87.5855291629,41.7369140554
798,102,507,150,-87.6634537368,41.7503925553,-87.6637959826,41.7649090287
799,1228,356,373,-87.6487600000,41.9254540000,-87.6490100000,41.9327190000
800,285,329,305,-87.7669997152,41.9531845842,-87.7571477205,41.9532997230
801,126,278,277,-87.6686616755,41.9396964998,-87.6688581308,41.9469901152
802,156,496,511,-87.6676916196,41.9106302887,-87.6671855677,41.9038371343
803,702,187,454,-87.6143728130,41.7291912437,-87.6141238209,41.7218705184
804,896,111,239,-87.6504669075,41.9765955945,-87.6479690653,41.9694048948
805,483,351,273,-87.6098555211,41.6927636823,-87.5873750000,41.6925060918
806,96,376,221,-87.7285010089,41.9828324978,-87.7282845060,41.9755329771
807,311,189,524,-87.7080148748,41.9539197161,-87.7185192313,41.9535200396
808,837,146,415,-87.8059915048,41.9161697835,-87.8057322715,41.9088702382
809,772,136,517,-87.7356269436,41.9462441211,-87.7473099291,41.9534108156
810,85,196,328,-87.7263538890,41.9026724244,-87.7261375752,41.8953686205
811,803,386,335,-87.5860988881,41.7660866339,-87.5862177589,41.7733510403
812,527,91,408,-87.7824464721,42.0048181241,-87.7887612840,42.0119323327
813,316,124,453,-87.6622499597,41.9543781042,-87.6690488604,41.9542903537
814,606,409,313,-87.5889515918,41.8108683907,-87.5815751194,41.8027393099
815,45,328,196,-87.7261375752,41.8953686205,-87.7263538890,41.9026724244
816,769,410,354,-87.8067281063,41.9379881154,-87.8070048756,41.9452638113
817,871,483,531,-87.6324846692,41.8869300529,-87.6325820556,41.8921566547
818,554,512,406,-87.6659829714,41.8523418111,-87.6758605490,41.8521626271
819,533,473,244,-87.7248323347,41.8515699420,-87.7150041523,41.8516385978
820,87,484,195,-87.7263519649,41.9098871747,-87.7264496219,41.9061569986
821,1081,51,241,-87.6413668786,41.6633307131,-87.6176690026,41.6633815653
822,1059,533,412,-87.6473885655,41.8827534785,-87.6569471829,41.8825274437
823,810,360,499,-87.5855908847,41.7442174086,-87.5855291629,41.7369140554
824,116,486,403,-87.6663835515,41.8668614894,-87.6665989303,41.8742004330
825,354,398,379,-87.6868425976,41.8957432454,-87.6870267628,41.9030161269
826,298,429,426,-87.6497230883,41.9545786712,-87.6446661370,41.9546745987
827,1219,256,475,-87.6467070000,41.8599120000,-87.6469186749,41.8671530501
828,236,402,401,-87.6959074904,41.8665106674,-87.7056692013,41.8664053068
829,643,262,434,-87.7455239656,41.8879214504,-87.7452483261,41.8811648046
830,1029,477,525,-87.6279755012,41.8868133300,-87.6243932845,41.8881201104
831,303,222,344,-87.7865595079,41.9529165061,-87.7962723576,41.9527428963
832,1183,225,251,-87.6603728465,41.9982086416,-87.6609197072,42.0055400580
833,469,454,374,-87.6141238209,41.7218705184,-87.6205327319,41.7217734155
834,604,312,275,-87.5791916234,41.7952192481,-87.5803012154,41.7924178277
835,76,261,267,-87.7244169525,41.8368832391,-87.7241023179,41.8229917212
836,19,299,319,-87.7203072881,41.6913159037,-87.7206780816,41.6985630710
837,714,316,411,-87.6167827805,41.8166356389,-87.6165776931,41.8093860217
838,757,534,531,-87.6280830338,41.8920739437,-87.6325820556,41.8921566547
839,688,378,233,-87.6150794658,41.7584040723,-87.6152977795,41.7657137019
840,62,422,396,-87.7213758725,41.7205363916,-87.7211753777,41.7131728072
841,397,520,502,-87.6878706559,41.9171295942,-87.6872206971,41.9103208679
842,1273,412,529,-87.6569471829,41.8825274437,-87.6667966639,41.8824204795
843,289,481,524,-87.7276488336,41.9536482728,-87.7185192313,41.9535200396
844,679,13,530,-87.6444303335,41.8890264679,-87.6435195860,41.8827220858
845,36,267,261,-87.7241023179,41.8229917212,-87.7244169525,41.8368832391
846,583,230,508,-87.6166024014,41.8579616159,-87.6194490966,41.8675066759
847,13,413,414,-87.7817994463,41.7923206863,-87.7915759421,41.7921561784
848,456,454,357,-87.6141238209,41.7218705184,-87.6045028178,41.7220887121
849,444,317,487,-87.6926378265,41.7499030365,-87.6827999089,41.7500768239
850,877,535,441,-87.6326551935,41.9125081233,-87.6263423701,41.9121278770
851,765,415,146,-87.8057322715,41.9088702382,-87.8059915048,41.9161697835
852,985,341,109,-87.5595747180,41.7009764643,-87.5594622731,41.6919408775
853,1285,435,23,-87.6242079756,41.8967854548,-87.6204177839,41.8967364992
854,802,301,386,-87.5859296609,41.7587843899,-87.5860988881,41.7660866339
855,779,193,300,-87.7111101202,41.9903823539,-87.6993987921,41.9904379546
856,171,338,489,-87.7136058279,41.7932777583,-87.7231842393,41.7932048804
857,427,346,468,-87.6529437880,41.7212894123,-87.6432176471,41.7214581370
858,218,474,416,-87.7251959198,41.8661726153,-87.7154207880,41.8662898083
859,581,417,229,-87.6087241173,41.8385623150,-87.6126395686,41.8489774904
860,351,359,480,-87.6862695002,41.8760836200,-87.6864614559,41.8826289903
861,684,187,514,-87.6143728130,41.7291912437,-87.6145095268,41.7365017057
862,1206,205,294,-87.6444110000,41.7652010000,-87.6445970000,41.7724720000
863,1255,475,256,-87.6469186749,41.8671530501,-87.6467070000,41.8599120000
864,177,257,498,-87.6548742481,41.7941718792,-87.6645818143,41.7940243631
865,426,433,346,-87.6626457403,41.7212001622,-87.6529437880,41.7212894123
866,17,479,133,-87.7419814392,41.7930335549,-87.7525074215,41.7928878304
867,246,414,413,-87.7915759421,41.7921561784,-87.7817994463,41.7923206863
868,101,404,507,-87.6632515607,41.7430767633,-87.6634537368,41.7503925553
869,571,383,144,-87.7433350339,41.8149309658,-87.7435684203,41.8220945568
870,689,233,232,-87.6152977795,41.7657137019,-87.6154170099,41.7729479292
871,245,450,414,-87.8015483514,41.7919646845,-87.7915759421,41.7921561784
872,162,453,277,-87.6690488604,41.9542903537,-87.6688581308,41.9469901152
873,166,85,83,-87.6698161320,41.9834758403,-87.6696137704,41.9761721340
874,192,482,496,-87.6775426805,41.9104746615,-87.6676916196,41.9106302887
875,914,393,471,-87.6240082200,41.8602050000,-87.6238336300,41.8528414365
876,325,279,460,-87.7557956222,41.9095012727,-87.7461005015,41.9096272103
877,625,307,166,-87.7462685680,41.9242313603,-87.7465919041,41.9315324996
878,912,228,16,-87.6236724300,41.8456421900,-87.6234947915,41.8384276453
879,237,463,402,-87.6860384135,41.8666125430,-87.6959074904,41.8665106674
880,997,408,36,-87.7887612840,42.0119323327,-87.7734073545,42.0118642475
881,357,520,250,-87.6878706559,41.9171295942,-87.6876419126,41.9249006821
882,578,409,418,-87.5889515918,41.8108683907,-87.5949826277,41.8169422612
883,1050,529,419,-87.6667966639,41.8824204795,-87.6642075095,41.8834029305
884,202,117,460,-87.7362631113,41.9097555620,-87.7461005015,41.9096272103
885,334,201,487,-87.6826792223,41.7428157102,-87.6827999089,41.7500768239
886,538,500,406,-87.6856431889,41.8520509239,-87.6758605490,41.8521626271
887,225,194,475,-87.6566812259,41.8669966156,-87.6469186749,41.8671530501
888,790,399,427,-87.6798591718,41.9906874238,-87.6896878167,41.9904812394
889,557,492,501,-87.6357040558,41.8528189814,-87.6464782081,41.8526642885
890,190,367,502,-87.6970348625,41.9102173424,-87.6872206971,41.9103208679
891,650,163,166,-87.7468782505,41.9388195735,-87.7465919041,41.9315324996
892,57,376,420,-87.7285010089,41.9828324978,-87.7286003996,41.9898026783
893,917,446,393,-87.6241793666,41.8674824582,-87.6240082200,41.8602050000
894,633,320,289,-87.7420496526,41.7711263757,-87.7417822019,41.7618990650
895,208,482,502,-87.6775426805,41.9104746615,-87.6872206971,41.9103208679
896,1053,533,530,-87.6473885655,41.8827534785,-87.6435195860,41.8827220858
897,521,492,491,-87.6357040558,41.8528189814,-87.6465040244,41.8471898313
898,498,188,485,-87.7331712375,41.8001597557,-87.7234813825,41.8023199030
899,978,391,156,-87.6264484200,41.8239185300,-87.6305084200,41.8238145300
900,793,108,107,-87.6624050684,41.9850428927,-87.6535479209,41.9854755787
901,770,354,522,-87.8070048756,41.9452638113,-87.8072958873,41.9530500128
902,56,221,376,-87.7282845060,41.9755329771,-87.7285010089,41.9828324978
903,705,464,342,-87.6149529585,41.7511357532,-87.6147425866,41.7438102497
904,147,503,395,-87.6657607206,41.8376915712,-87.6655682509,41.8305013543
905,32,489,485,-87.7231842393,41.7932048804,-87.7234813825,41.8023199030
906,391,359,463,-87.6862695002,41.8760836200,-87.6860384135,41.8666125430
907,223,123,486,-87.6762496945,41.8667545711,-87.6663835515,41.8668614894
908,264,337,448,-87.7311605994,41.7346896094,-87.7410820903,41.7345408390
909,1238,207,490,-87.6438310000,41.7433590000,-87.6435965207,41.7361755329
910,37,261,260,-87.7244169525,41.8368832391,-87.7246042169,41.8442561320
911,1197,334,421,-87.6426070000,41.6996400000,-87.6428330000,41.7069160000
912,84,328,327,-87.7261375752,41.8953686205,-87.7258468072,41.8854677970
913,694,361,411,-87.6161582487,41.8021107675,-87.6165776931,41.8093860217
914,1233,421,334,-87.6428330000,41.7069160000,-87.6426070000,41.6996400000
915,241,475,194,-87.6469186749,41.8671530501,-87.6566812259,41.8669966156
916,1234,264,421,-87.6430040000,41.7142150000,-87.6428330000,41.7069160000
917,929,482,520,-87.6775426805,41.9104746615,-87.6878706559,41.9171295942
918,1289,505,488,-87.6477450000,41.8963970000,-87.6327137587,41.8966135008
919,615,276,76,-87.6174880708,41.8809176639,-87.6175220168,41.8783746671
920,857,381,283,-87.7878578422,41.9762582333,-87.7964589041,41.9788686125
921,502,186,19,-87.6944841879,41.8200005579,-87.6895768426,41.8229781071
922,339,269,191,-87.6836393491,41.7792160138,-87.6838306032,41.7865287214
923,292,190,495,-87.6982405466,41.9539738893,-87.6884662370,41.9540127406
924,254,171,476,-87.6921993917,41.7353827172,-87.6825140358,41.7355272847
925,805,284,174,-87.5864378217,41.7806535961,-87.5866587965,41.7878807986
926,22,396,422,-87.7211753777,41.7131728072,-87.7213758725,41.7205363916
927,738,213,270,-87.7122499199,41.9319521753,-87.7239503374,41.9391415298
928,1118,423,121,-87.6811591434,41.6918107595,-87.7008277065,41.6915677882
929,821,109,341,-87.5594622731,41.6919408775,-87.5595747180,41.7009764643
930,823,280,114,-87.5596656455,41.7081679762,-87.5597753832,41.7154054717
931,954,113,531,-87.6370735367,41.8927659973,-87.6325820556,41.8921566547
932,687,464,378,-87.6149529585,41.7511357532,-87.6150794658,41.7584040723
933,796,273,465,-87.5873750000,41.6925060918,-87.5851206518,41.7223448274
934,448,424,504,-87.6536944568,41.7504519568,-87.6440073209,41.7506405185
935,288,350,481,-87.7380639429,41.9535294027,-87.7276488336,41.9536482728
936,530,384,259,-87.7508948881,41.9902248879,-87.7642843799,41.9961931764
937,939,270,213,-87.7239503374,41.9391415298,-87.7122499199,41.9319521753
938,179,268,494,-87.6311268155,41.7945346537,-87.6451601810,41.7943014258
939,369,358,330,-87.6816203656,41.7063763231,-87.6813877158,41.6990789604
940,457,357,128,-87.6045028178,41.7220887121,-87.5947329753,41.7221397437
941,830,285,168,-87.8068799715,41.9899791066,-87.8067970161,41.9977752778
942,1258,532,533,-87.6478923006,41.8916594147,-87.6473885655,41.8827534785
943,866,452,443,-87.6431433136,41.8743749911,-87.6432556495,41.8779971690
944,918,515,445,-87.6244041776,41.8757599268,-87.6243053944,41.8731441384
945,944,246,521,-87.7677385205,41.9756551499,-87.7612773057,41.9684282231
946,383,308,243,-87.6844253566,41.8084257503,-87.6842240325,41.8011461815
947,1296,477,534,-87.6279755012,41.8868133300,-87.6280830338,41.8920739437
948,105,215,236,-87.6642207653,41.7794645717,-87.6643944942,41.7867468379
949,783,200,384,-87.7483259018,41.9898995170,-87.7508948881,41.9902248879
950,160,278,323,-87.6686616755,41.9396964998,-87.6683940094,41.9324035411
951,158,324,455,-87.6681458144,41.9251515799,-87.6681159637,41.9185851557
952,345,458,506,-87.6848883856,41.8230606699,-87.6848985874,41.8259770206
953,1134,470,509,-87.7447718015,41.8659427313,-87.7442589280,41.8512936900
954,716,247,478,-87.6171536961,41.8311019192,-87.6169934917,41.8239021825
955,2,338,288,-87.7136058279,41.7932777583,-87.7035540780,41.7935139080
956,1287,488,21,-87.6327137587,41.8966135008,-87.6282468754,41.8966270307
957,930,520,214,-87.6878706559,41.9171295942,-87.7004065797,41.9247906731
958,1224,505,263,-87.6477450000,41.8963970000,-87.6480940000,41.9036360000
959,878,531,483,-87.6325820556,41.8921566547,-87.6324846692,41.8869300529
960,447,507,424,-87.6634537368,41.7503925553,-87.6536944568,41.7504519568
961,496,179,513,-87.7526561313,41.7972258202,-87.7429017950,41.7992986213
962,673,8,96,-87.8365811141,41.9842198520,-87.8366767794,41.9666033160
963,610,229,417,-87.6126395686,41.8489774904,-87.6087241173,41.8385623150
964,960,536,537,-87.6202539100,41.8920564053,-87.6241788145,41.8922146656
965,176,498,148,-87.6645818143,41.7940243631,-87.6743005662,41.7939163166
966,1237,490,286,-87.6435965207,41.7361755329,-87.6434160000,41.7287670000
967,648,307,306,-87.7462685680,41.9242313603,-87.7461125218,41.9169310516
968,547,473,151,-87.7248323347,41.8515699420,-87.7345089641,41.8514453707
969,1231,181,429,-87.6494860000,41.9473160000,-87.6497230883,41.9545786712
970,601,239,111,-87.6479690653,41.9694048948,-87.6504669075,41.9765955945
971,599,426,217,-87.6446661370,41.9546745987,-87.6462620587,41.9620071198
972,12,414,450,-87.7915759421,41.7921561784,-87.8015483514,41.7919646845
973,109,353,115,-87.6649725165,41.8086044407,-87.6651481930,41.8158707968
974,567,135,479,-87.7414093010,41.7843180193,-87.7419814392,41.7930335549
975,556,501,382,-87.6464782081,41.8526642885,-87.6561814965,41.8525425812
976,555,382,512,-87.6561814965,41.8525425812,-87.6659829714,41.8523418111
977,73,184,485,-87.7236331985,41.8078845965,-87.7234813825,41.8023199030
978,509,394,493,-87.7624017996,41.7957113818,-87.7720738732,41.7933737658
979,813,386,301,-87.5860988881,41.7660866339,-87.5859296609,41.7587843899
980,589,364,516,-87.6141227919,41.8844211471,-87.6144348553,41.8921465775
981,256,310,462,-87.6727850236,41.7356543821,-87.6630651328,41.7357897840
982,1037,477,483,-87.6279755012,41.8868133300,-87.6324846692,41.8869300529
983,188,176,333,-87.7167006810,41.9099941530,-87.7069604653,41.9101153284
984,133,368,433,-87.6628515776,41.7284821671,-87.6626457403,41.7212001622
985,89,255,254,-87.7268196342,41.9244849256,-87.7266098963,41.9171671261
986,415,331,425,-87.7316053336,41.7493410410,-87.7413788983,41.7491988649
987,455,343,504,-87.6341953570,41.7507416333,-87.6440073209,41.7506405185
988,598,375,426,-87.6433589442,41.9486497120,-87.6446661370,41.9546745987
989,840,410,198,-87.8067281063,41.9379881154,-87.8064692472,41.9308130241
990,1212,152,140,-87.6455390000,41.8088640000,-87.6457250000,41.8161840000
991,649,166,307,-87.7465919041,41.9315324996,-87.7462685680,41.9242313603
992,780,300,427,-87.6993987921,41.9904379546,-87.6896878167,41.9904812394
993,900,471,393,-87.6238336300,41.8528414365,-87.6240082200,41.8602050000
994,248,493,132,-87.7720738732,41.7933737658,-87.7622350300,41.7926424900
995,467,139,468,-87.6286374339,41.7217099903,-87.6432176471,41.7214581370
996,63,138,422,-87.7217672671,41.7279259853,-87.7213758725,41.7205363916
997,706,378,464,-87.6150794658,41.7584040723,-87.6149529585,41.7511357532
998,781,427,399,-87.6896878167,41.9904812394,-87.6798591718,41.9906874238
999,907,515,518,-87.6244041776,41.8757599268,-87.6245058785,41.8838163271
1000,149,363,512,-87.6661381330,41.8577937469,-87.6659829714,41.8523418111
1001,510,179,394,-87.7526561313,41.7972258202,-87.7624017996,41.7957113818
1002,495,394,179,-87.7624017996,41.7957113818,-87.7526561313,41.7972258202
1003,40,258,474,-87.7250059157,41.8588692972,-87.7251959198,41.8661726153
1004,493,413,493,-87.7817994463,41.7923206863,-87.7720738732,41.7933737658
1005,1052,412,533,-87.6569471829,41.8825274437,-87.6473885655,41.8827534785
1006,1303,428,442,-87.6172893969,41.8732685796,-87.6204798614,41.8732053290
1007,488,377,325,-87.6210378457,41.6926191072,-87.6329230833,41.6924612339
1008,414,161,405,-87.5954137754,41.7513124478,-87.5857798097,41.7514866523
1009,700,224,252,-87.6174756067,41.8456985660,-87.6183296049,41.8493446276
1010,206,367,333,-87.6970348625,41.9102173424,-87.7069604653,41.9101153284
1011,874,212,535,-87.6329160039,41.9038829182,-87.6326551935,41.9125081233
1012,142,369,498,-87.6647764782,41.8013182144,-87.6645818143,41.7940243631
1013,541,382,501,-87.6561814965,41.8525425812,-87.6464782081,41.8526642885
1014,962,534,531,-87.6280830338,41.8920739437,-87.6325820556,41.8921566547
1015,410,343,126,-87.6341953570,41.7507416333,-87.6245261121,41.7509670613
1016,888,313,409,-87.5815751194,41.8027393099,-87.5889515918,41.8108683907
1017,319,426,429,-87.6446661370,41.9546745987,-87.6497230883,41.9545786712
1018,576,249,248,-87.7458120854,41.8949865388,-87.7459861427,41.9023424796
1019,680,530,443,-87.6435195860,41.8827220858,-87.6432556495,41.8779971690
1020,450,487,317,-87.6827999089,41.7500768239,-87.6926378265,41.7499030365
1021,948,292,291,-87.8012417611,42.0119827303,-87.7878903165,41.9973521769
1022,388,500,304,-87.6856431889,41.8520509239,-87.6852228030,41.8390740156
1023,1184,251,30,-87.6609197072,42.0055400580,-87.6634502100,42.0128388751
1024,608,430,418,-87.6005130315,41.8252809001,-87.5949826277,41.8169422612
1025,721,431,455,-87.6621543435,41.9107405789,-87.6681159637,41.9185851557
1026,313,495,190,-87.6884662370,41.9540127406,-87.6982405466,41.9539738893
1027,42,153,447,-87.7255338018,41.8752773266,-87.7257432412,41.8819638220
1028,503,506,296,-87.6848985874,41.8259770206,-87.6753714605,41.8318264945
1029,228,432,446,-87.6304354013,41.8673739901,-87.6241793666,41.8674824582
1030,151,403,486,-87.6665989303,41.8742004330,-87.6663835515,41.8668614894
1031,641,154,470,-87.7449909945,41.8731392068,-87.7447718015,41.8659427313
1032,553,406,500,-87.6758605490,41.8521626271,-87.6856431889,41.8520509239
1033,198,170,348,-87.7756155014,41.9092626362,-87.7849639298,41.9091116667
1034,400,456,347,-87.6878846477,41.9321679414,-87.6877498545,41.9279818073
1035,336,293,322,-87.6831024809,41.7592321214,-87.6832426830,41.7647022130
1036,429,139,374,-87.6286374339,41.7217099903,-87.6205327319,41.7217734155
1037,552,500,253,-87.6856431889,41.8520509239,-87.6954326540,41.8518775686
1038,860,521,400,-87.7612773057,41.9684282231,-87.7675621377,41.9703337385
1039,355,379,502,-87.6870267628,41.9030161269,-87.6872206971,41.9103208679
1040,131,83,85,-87.6696137704,41.9761721340,-87.6698161320,41.9834758403
1041,485,178,177,-87.6521369958,41.6922468391,-87.6633710000,41.6921286050
1042,234,416,474,-87.7154207880,41.8662898083,-87.7251959198,41.8661726153
1043,413,162,161,-87.6051897028,41.7512528176,-87.5954137754,41.7513124478
1044,299,209,94,-87.8269772785,41.9522461047,-87.8366858914,41.9520506156
1045,214,86,142,-87.7643536014,41.8656187483,-87.7545587944,41.8657133571
1046,1243,370,294,-87.6447870000,41.7797510000,-87.6445970000,41.7724720000
1047,353,155,398,-87.6866945095,41.8906480588,-87.6868425976,41.8957432454
1048,226,475,436,-87.6469186749,41.8671530501,-87.6427923392,41.8672509302
1049,404,282,495,-87.6886829943,41.9613128481,-87.6884662370,41.9540127406
1050,464,433,182,-87.6626457403,41.7212001622,-87.6727269932,41.7210268009
1051,1027,519,483,-87.6361877076,41.8860531610,-87.6324846692,41.8869300529
1052,565,320,134,-87.7420496526,41.7711263757,-87.7422979296,41.7784106910
1053,1060,412,419,-87.6569471829,41.8825274437,-87.6642075095,41.8834029305
1054,497,513,188,-87.7429017950,41.7992986213,-87.7331712375,41.8001597557
1055,113,503,512,-87.6657607206,41.8376915712,-87.6659829714,41.8523418111
1056,481,325,377,-87.6329230833,41.6924612339,-87.6210378457,41.6926191072
1057,832,167,397,-87.8067044083,42.0044655774,-87.8065725496,42.0116985601
1058,221,402,463,-87.6959074904,41.8665106674,-87.6860384135,41.8666125430
1059,359,347,456,-87.6877498545,41.9279818073,-87.6878846477,41.9321679414
1060,395,379,398,-87.6870267628,41.9030161269,-87.6868425976,41.8957432454
1061,117,403,529,-87.6665989303,41.8742004330,-87.6667966639,41.8824204795
1062,150,486,363,-87.6663835515,41.8668614894,-87.6661381330,41.8577937469
1063,122,496,455,-87.6676916196,41.9106302887,-87.6681159637,41.9185851557
1064,594,441,274,-87.6263423701,41.9121278770,-87.6312101638,41.9260838613
1065,853,380,400,-87.7782361969,41.9731910875,-87.7675621377,41.9703337385
1066,81,153,474,-87.7255338018,41.8752773266,-87.7251959198,41.8661726153
1067,479,178,385,-87.6521369958,41.6922468391,-87.6423678761,41.6923662058
1068,1101,509,290,-87.7442589280,41.8512936900,-87.7394800407,41.8513755877
1069,854,400,521,-87.7675621377,41.9703337385,-87.7612773057,41.9684282231
1070,1267,429,181,-87.6497230883,41.9545786712,-87.6494860000,41.9473160000
1071,703,514,187,-87.6145095268,41.7365017057,-87.6143728130,41.7291912437
1072,80,474,258,-87.7251959198,41.8661726153,-87.7250059157,41.8588692972
1073,348,500,309,-87.6856431889,41.8520509239,-87.6858710000,41.8575060000
1074,230,142,86,-87.7545587944,41.8657133571,-87.7643536014,41.8656187483
1075,196,122,415,-87.7948036008,41.9090357317,-87.8057322715,41.9088702382
1076,652,517,164,-87.7473099291,41.9534108156,-87.7470530007,41.9461199479
1077,403,495,237,-87.6884662370,41.9540127406,-87.6882577202,41.9467308090
1078,459,465,298,-87.5851206518,41.7223448274,-87.5753665052,41.7225050884
1079,302,344,522,-87.7962723576,41.9527428963,-87.8072958873,41.9530500128
1080,752,106,216,-87.5352755345,41.7128129418,-87.5352351372,41.7213273835
1081,1115,299,121,-87.7203072881,41.6913159037,-87.7008277065,41.6915677882
1082,715,478,316,-87.6169934917,41.8239021825,-87.6167827805,41.8166356389
1083,99,368,462,-87.6628515776,41.7284821671,-87.6630651328,41.7357897840
1084,785,420,199,-87.7286003996,41.9898026783,-87.7383852616,41.9900106267
1085,806,174,173,-87.5866587965,41.7878807986,-87.5867338112,41.7915612996
1086,895,239,217,-87.6479690653,41.9694048948,-87.6462620587,41.9620071198
1087,180,388,268,-87.6257010468,41.7946431868,-87.6311268155,41.7945346537
1088,216,470,235,-87.7447718015,41.8659427313,-87.7349647452,41.8660328949
1089,1,489,338,-87.7231842393,41.7932048804,-87.7136058279,41.7932777583
1090,955,531,534,-87.6325820556,41.8921566547,-87.6280830338,41.8920739437
1091,1205,206,205,-87.6441830000,41.7560890000,-87.6444110000,41.7652010000
1092,315,453,226,-87.6690488604,41.9542903537,-87.6787543115,41.9541569379
1093,7,498,257,-87.6645818143,41.7940243631,-87.6548742481,41.7941718792
1094,685,514,342,-87.6145095268,41.7365017057,-87.6147425866,41.7438102497
1095,563,425,289,-87.7413788983,41.7491988649,-87.7417822019,41.7618990650
1096,639,383,365,-87.7433350339,41.8149309658,-87.7431423829,41.8076275546
1097,201,460,279,-87.7461005015,41.9096272103,-87.7557956222,41.9095012727
1098,83,327,447,-87.7258468072,41.8854677970,-87.7257432412,41.8819638220
1099,466,468,346,-87.6432176471,41.7214581370,-87.6529437880,41.7212894123
1100,281,522,344,-87.8072958873,41.9530500128,-87.7962723576,41.9527428963
1101,898,16,228,-87.6234947915,41.8384276453,-87.6236724300,41.8456421900
1102,412,464,162,-87.6149529585,41.7511357532,-87.6051897028,41.7512528176
1103,845,285,440,-87.8068799715,41.9899791066,-87.8069018047,41.9819801971
1104,39,473,258,-87.7248323347,41.8515699420,-87.7250059157,41.8588692972
1105,251,479,218,-87.7419814392,41.7930335549,-87.7329635339,41.7931159809
1106,1054,523,526,-87.6369662477,41.8830592679,-87.6324149630,41.8832849978
1107,31,311,489,-87.7230120465,41.7859375521,-87.7231842393,41.7932048804
1108,210,431,496,-87.6621543435,41.9107405789,-87.6676916196,41.9106302887
1109,484,116,423,-87.6705316721,41.6919270142,-87.6811591434,41.6918107595
1110,215,142,470,-87.7545587944,41.8657133571,-87.7447718015,41.8659427313
1111,328,330,358,-87.6813877158,41.6990789604,-87.6816203656,41.7063763231
1112,602,111,107,-87.6504669075,41.9765955945,-87.6535479209,41.9854755787
1113,986,280,341,-87.5596656455,41.7081679762,-87.5595747180,41.7009764643
1114,265,467,337,-87.7214672168,41.7348569432,-87.7311605994,41.7346896094
1115,276,303,514,-87.6048228338,41.7366494092,-87.6145095268,41.7365017057
1116,861,531,534,-87.6325820556,41.8921566547,-87.6280830338,41.8920739437
1117,1207,294,370,-87.6445970000,41.7724720000,-87.6447870000,41.7797510000
1118,550,159,158,-87.7052172041,41.8518820663,-87.7110164637,41.8518240159
1119,115,363,486,-87.6661381330,41.8577937469,-87.6663835515,41.8668614894
1120,270,310,476,-87.6727850236,41.7356543821,-87.6825140358,41.7355272847
1121,30,119,311,-87.7228106739,41.7786592102,-87.7230120465,41.7859375521
1122,974,295,458,-87.6750742400,41.8231497200,-87.6848883856,41.8230606699
1123,607,418,409,-87.5949826277,41.8169422612,-87.5889515918,41.8108683907
1124,1103,315,203,-87.7636968464,41.8510564981,-87.7834795177,41.8508652038
1125,360,456,238,-87.6878846477,41.9321679414,-87.6881648210,41.9394608157
1126,500,227,185,-87.7140359018,41.8078984272,-87.7042592451,41.8141263473
1127,346,506,304,-87.6848985874,41.8259770206,-87.6852228030,41.8390740156
1128,124,324,323,-87.6681458144,41.9251515799,-87.6683940094,41.9324035411
1129,841,354,410,-87.8070048756,41.9452638113,-87.8067281063,41.9379881154
1130,579,418,430,-87.5949826277,41.8169422612,-87.6005130315,41.8252809001
1131,148,512,503,-87.6659829714,41.8523418111,-87.6657607206,41.8376915712
1132,181,389,388,-87.6159777837,41.7947387514,-87.6257010468,41.7946431868
1133,850,440,283,-87.8069018047,41.9819801971,-87.7964589041,41.9788686125
1134,425,182,433,-87.6727269932,41.7210268009,-87.6626457403,41.7212001622
1135,382,243,472,-87.6842240325,41.8011461815,-87.6840417707,41.7938765823
1136,15,132,493,-87.7622350300,41.7926424900,-87.7720738732,41.7933737658
1137,1288,488,505,-87.6327137587,41.8966135008,-87.6477450000,41.8963970000
1138,275,514,366,-87.6145095268,41.7365017057,-87.6251032225,41.7363093339
1139,824,175,521,-87.7544891953,41.9606333761,-87.7612773057,41.9684282231
1140,219,416,401,-87.7154207880,41.8662898083,-87.7056692013,41.8664053068
1141,586,428,276,-87.6172893969,41.8732685796,-87.6174880708,41.8809176639
1142,125,323,278,-87.6683940094,41.9324035411,-87.6686616755,41.9396964998
1143,111,459,395,-87.6654091294,41.8231636198,-87.6655682509,41.8305013543
1144,187,484,176,-87.7263519649,41.9098871747,-87.7167006810,41.9099941530
1145,713,411,361,-87.6165776931,41.8093860217,-87.6161582487,41.8021107675
1146,691,340,197,-87.6156362223,41.7801827226,-87.6158210351,41.7875170550
1147,10,268,388,-87.6311268155,41.7945346537,-87.6257010468,41.7946431868
1148,60,355,319,-87.7209583305,41.7059038427,-87.7206780816,41.6985630710
1149,957,537,536,-87.6241788145,41.8922146656,-87.6202539100,41.8920564053
1150,321,122,348,-87.7948036008,41.9090357317,-87.7849639298,41.9091116667
1151,1261,497,263,-87.6482722864,41.9109198102,-87.6480940000,41.9036360000
1152,640,144,383,-87.7435684203,41.8220945568,-87.7433350339,41.8149309658
1153,364,282,281,-87.6886829943,41.9613128481,-87.6889065808,41.9686149246
1154,136,507,404,-87.6634537368,41.7503925553,-87.6632515607,41.7430767633
1155,235,401,416,-87.7056692013,41.8664053068,-87.7154207880,41.8662898083
1156,453,424,507,-87.6536944568,41.7504519568,-87.6634537368,41.7503925553
1157,189,333,367,-87.7069604653,41.9101153284,-87.6970348625,41.9102173424
1158,362,237,495,-87.6882577202,41.9467308090,-87.6884662370,41.9540127406
1159,454,504,424,-87.6440073209,41.7506405185,-87.6536944568,41.7504519568
1160,442,336,318,-87.7118891515,41.7496834360,-87.7024147449,41.7497131344
1161,145,459,115,-87.6654091294,41.8231636198,-87.6651481930,41.8158707968
1162,1057,518,527,-87.6245058785,41.8838163271,-87.6278679939,41.8834418829
1163,1277,372,442,-87.6205879983,41.8757725605,-87.6204798614,41.8732053290
1164,768,198,410,-87.8064692472,41.9308130241,-87.8067281063,41.9379881154
1165,695,411,316,-87.6165776931,41.8093860217,-87.6167827805,41.8166356389
1166,287,517,350,-87.7473099291,41.9534108156,-87.7380639429,41.9535294027
1167,519,503,296,-87.6657607206,41.8376915712,-87.6753714605,41.8318264945
1168,390,463,309,-87.6860384135,41.8666125430,-87.6858710000,41.8575060000
1169,417,336,466,-87.7118891515,41.7496834360,-87.7219239835,41.7495525981
1170,1290,505,407,-87.6477450000,41.8963970000,-87.6553853099,41.8962590126
1171,338,321,269,-87.6834442361,41.7719776150,-87.6836393491,41.7792160138
1172,644,249,262,-87.7458120854,41.8949865388,-87.7455239656,41.8879214504
1173,290,524,189,-87.7185192313,41.9535200396,-87.7080148748,41.9539197161
1174,1000,38,39,-87.7285975901,42.0117357112,-87.7090553951,42.0118568538
1175,704,342,514,-87.6147425866,41.7438102497,-87.6145095268,41.7365017057
1176,1126,145,509,-87.7437483336,41.8367464556,-87.7442589280,41.8512936900
1177,185,349,231,-87.7119940075,41.7350214421,-87.7020965268,41.7352205764
1178,333,476,201,-87.6825140358,41.7355272847,-87.6826792223,41.7428157102
1179,95,221,131,-87.7282845060,41.9755329771,-87.7280818270,41.9682432719
1180,127,277,453,-87.6688581308,41.9469901152,-87.6690488604,41.9542903537
1181,1294,528,25,-87.6276035305,41.8747783767,-87.6277008629,41.8782253397
1182,173,204,288,-87.6937979381,41.7936908091,-87.7035540780,41.7935139080
1183,931,326,18,-87.7810345492,41.9901955144,-87.7831245878,41.9926599841
1184,100,462,404,-87.6630651328,41.7357897840,-87.6632515607,41.7430767633
1185,232,235,470,-87.7349647452,41.8660328949,-87.7447718015,41.8659427313
1186,970,156,391,-87.6305084200,41.8238145300,-87.6264484200,41.8239185300
1187,129,81,82,-87.6692581361,41.9615915653,-87.6694390887,41.9688769809
1188,468,374,139,-87.6205327319,41.7217734155,-87.6286374339,41.7217099903
1189,48,484,254,-87.7263519649,41.9098871747,-87.7266098963,41.9171671261
1190,937,214,520,-87.7004065797,41.9247906731,-87.6878706559,41.9171295942
1191,259,490,366,-87.6435965207,41.7361755329,-87.6251032225,41.7363093339
1192,791,141,399,-87.6721464865,41.9907800358,-87.6798591718,41.9906874238
1193,1018,26,39,-87.6997452648,42.0121135858,-87.7090553951,42.0118568538
1194,873,488,212,-87.6327137587,41.8966135008,-87.6329160039,41.9038829182
1195,1292,24,528,-87.6273696186,41.8674795742,-87.6276035305,41.8747783767
1196,416,466,331,-87.7219239835,41.7495525981,-87.7316053336,41.7493410410
1197,1245,494,371,-87.6451601810,41.7943014258,-87.6449700000,41.7870250000
1198,797,465,362,-87.5851206518,41.7223448274,-87.5852526364,41.7296123655
1199,1198,421,264,-87.6428330000,41.7069160000,-87.6430040000,41.7142150000
1200,197,348,122,-87.7849639298,41.9091116667,-87.7948036008,41.9090357317
1201,182,448,337,-87.7410820903,41.7345408390,-87.7311605994,41.7346896094
1202,261,514,303,-87.6145095268,41.7365017057,-87.6048228338,41.7366494092
1203,273,490,120,-87.6435965207,41.7361755329,-87.6533401534,41.7359353713
1204,1260,263,505,-87.6480940000,41.9036360000,-87.6477450000,41.8963970000
1205,440,331,466,-87.7316053336,41.7493410410,-87.7219239835,41.7495525981
1206,1104,509,315,-87.7442589280,41.8512936900,-87.7636968464,41.8510564981
1207,120,129,511,-87.6672915149,41.8960736393,-87.6671855677,41.9038371343
1208,1229,373,180,-87.6490100000,41.9327190000,-87.6492670000,41.9399790000
1209,844,440,265,-87.8069018047,41.9819801971,-87.8070182181,41.9754672964
1210,340,191,472,-87.6838306032,41.7865287214,-87.6840417707,41.7938765823
1211,1199,264,468,-87.6430040000,41.7142150000,-87.6432176471,41.7214581370
1212,50,255,352,-87.7268196342,41.9244849256,-87.7270297490,41.9317913323
1213,361,238,237,-87.6881648210,41.9394608157,-87.6882577202,41.9467308090
1214,889,274,441,-87.6312101638,41.9260838613,-87.6263423701,41.9121278770
1215,1003,27,28,-87.6902409033,42.0123000867,-87.6828811088,42.0123782948
1216,528,92,91,-87.7666934439,41.9973019905,-87.7824464721,42.0048181241
1217,574,434,262,-87.7452483261,41.8811648046,-87.7455239656,41.8879214504
1218,392,480,359,-87.6864614559,41.8826289903,-87.6862695002,41.8760836200
1219,1278,14,392,-87.6205901470,41.8782643248,-87.6206544776,41.8845032517
1220,615,76,428,-87.6175220168,41.8783746671,-87.6172893969,41.8732685796
1221,1304,452,172,-87.6431433136,41.8743749911,-87.6394870000,41.8743880000
1222,620,15,516,-87.6172174757,41.8968836203,-87.6144348553,41.8921465775
1223,911,435,10,-87.6242079756,41.8967854548,-87.6241721350,41.9008286500
1224,437,16,88,-87.6234947915,41.8384276453,-87.6267669282,41.8383528936
1225,543,17,127,-87.6308846279,41.8527717870,-87.6270532698,41.8528614434
1226,727,524,457,-87.7185192313,41.9535200396,-87.7278400971,41.9596397447
1227,310,524,481,-87.7185192313,41.9535200396,-87.7276488336,41.9536482728
1228,931,18,291,-87.7831245878,41.9926599841,-87.7878903165,41.9973521769
1229,242,436,475,-87.6427923392,41.8672509302,-87.6469186749,41.8671530501
1230,953,532,113,-87.6478923006,41.8916594147,-87.6370735367,41.8927659973
1231,926,532,407,-87.6478923006,41.8916594147,-87.6553853099,41.8962590126
1232,1282,536,23,-87.6202539100,41.8920564053,-87.6204177839,41.8967364992
1233,1223,532,505,-87.6478923006,41.8916594147,-87.6477450000,41.8963970000
1234,502,19,506,-87.6895768426,41.8229781071,-87.6848985874,41.8259770206
1235,1301,20,25,-87.6323072112,41.8781421825,-87.6277008629,41.8782253397
1236,1024,461,523,-87.6367564873,41.8773034432,-87.6369662477,41.8830592679
1237,1222,533,532,-87.6473885655,41.8827534785,-87.6478923006,41.8916594147
1238,1058,530,533,-87.6435195860,41.8827220858,-87.6473885655,41.8827534785
1239,795,510,141,-87.6699095070,41.9894761112,-87.6721464865,41.9907800358
1240,1287,21,435,-87.6282468754,41.8966270307,-87.6242079756,41.8967854548
1241,1031,437,22,-87.6204480771,41.8879053112,-87.6141374654,41.8875754735
1242,1280,437,536,-87.6204480771,41.8879053112,-87.6202539100,41.8920564053
1243,1031,525,437,-87.6243932845,41.8881201104,-87.6204480771,41.8879053112
1244,908,525,537,-87.6243932845,41.8881201104,-87.6241788145,41.8922146656
1245,922,525,518,-87.6243932845,41.8881201104,-87.6245058785,41.8838163271
1246,637,513,479,-87.7429017950,41.7992986213,-87.7419814392,41.7930335549
1247,1308,438,528,-87.6306498274,41.8750230905,-87.6276035305,41.8747783767
1248,925,435,537,-87.6242079756,41.8967854548,-87.6241788145,41.8922146656
1249,543,492,17,-87.6357040558,41.8528189814,-87.6308846279,41.8527717870
1250,152,529,403,-87.6667966639,41.8824204795,-87.6665989303,41.8742004330
1251,842,522,354,-87.8072958873,41.9530500128,-87.8070048756,41.9452638113
1252,904,445,515,-87.6243053944,41.8731441384,-87.6244041776,41.8757599268
1253,1302,445,442,-87.6243053944,41.8731441384,-87.6204798614,41.8732053290
1254,936,520,482,-87.6878706559,41.9171295942,-87.6775426805,41.9104746615
1255,1193,439,252,-87.6191856058,41.8523616756,-87.6183296049,41.8493446276
1256,1293,528,24,-87.6276035305,41.8747783767,-87.6273696186,41.8674795742
1257,1299,526,20,-87.6324149630,41.8832849978,-87.6323072112,41.8781421825
1258,1269,526,523,-87.6324149630,41.8832849978,-87.6369662477,41.8830592679
1259,1054,526,527,-87.6324149630,41.8832849978,-87.6278679939,41.8834418829
1260,1057,526,523,-87.6324149630,41.8832849978,-87.6369662477,41.8830592679
1261,1269,527,526,-87.6278679939,41.8834418829,-87.6324149630,41.8832849978
1262,1295,527,25,-87.6278679939,41.8834418829,-87.6277008629,41.8782253397
1263,921,518,6,-87.6245058785,41.8838163271,-87.6244619625,41.8782774889
1264,928,511,482,-87.6671855677,41.9038371343,-87.6775426805,41.9104746615
1265,1025,523,519,-87.6369662477,41.8830592679,-87.6361877076,41.8860531610
1266,1057,527,526,-87.6278679939,41.8834418829,-87.6324149630,41.8832849978
1267,618,22,364,-87.6141374654,41.8875754735,-87.6141227919,41.8844211471
1268,618,516,22,-87.6144348553,41.8921465775,-87.6141374654,41.8875754735
1269,1296,534,21,-87.6280830338,41.8920739437,-87.6282468754,41.8966270307
1270,792,510,108,-87.6699095070,41.9894761112,-87.6624050684,41.9850428927
1271,1189,510,84,-87.6699095070,41.9894761112,-87.6696182646,41.9871464429
1272,739,444,136,-87.7273128567,41.9411532354,-87.7356269436,41.9462441211
1273,872,531,488,-87.6325820556,41.8921566547,-87.6327137587,41.8966135008
1274,1285,23,15,-87.6204177839,41.8967364992,-87.6172174757,41.8968836203
1275,922,537,525,-87.6241788145,41.8922146656,-87.6243932845,41.8881201104
1276,1276,442,372,-87.6204798614,41.8732053290,-87.6205879983,41.8757725605
1277,1303,442,445,-87.6204798614,41.8732053290,-87.6243053944,41.8731441384
1278,244,508,446,-87.6194490966,41.8675066759,-87.6241793666,41.8674824582
1279,1302,442,428,-87.6204798614,41.8732053290,-87.6172893969,41.8732685796
1280,1221,12,533,-87.6471452931,41.8779482048,-87.6473885655,41.8827534785
1281,1300,443,461,-87.6432556495,41.8779971690,-87.6367564873,41.8773034432
1282,866,443,530,-87.6432556495,41.8779971690,-87.6435195860,41.8827220858
1283,680,443,452,-87.6432556495,41.8779971690,-87.6431433136,41.8743749911
1284,1281,437,392,-87.6204480771,41.8879053112,-87.6206544776,41.8845032517
1285,1040,437,525,-87.6204480771,41.8879053112,-87.6243932845,41.8881201104
1286,228,446,508,-87.6241793666,41.8674824582,-87.6194490966,41.8675066759
1287,918,445,446,-87.6243053944,41.8731441384,-87.6241793666,41.8674824582
1288,660,515,528,-87.6244041776,41.8757599268,-87.6276035305,41.8747783767
1289,940,444,270,-87.7273128567,41.9411532354,-87.7239503374,41.9391415298
1290,1053,530,523,-87.6435195860,41.8827220858,-87.6369662477,41.8830592679
1291,1303,445,528,-87.6243053944,41.8731441384,-87.6276035305,41.8747783767
1292,911,537,435,-87.6241788145,41.8922146656,-87.6242079756,41.8967854548
1293,825,521,246,-87.7612773057,41.9684282231,-87.7677385205,41.9756551499
1294,1297,534,477,-87.6280830338,41.8920739437,-87.6279755012,41.8868133300
1295,1294,527,477,-87.6278679939,41.8834418829,-87.6279755012,41.8868133300
1296,1277,442,508,-87.6204798614,41.8732053290,-87.6194490966,41.8675066759
1297,1294,25,527,-87.6277008629,41.8782253397,-87.6278679939,41.8834418829
1298,1301,25,6,-87.6277008629,41.8782253397,-87.6244619625,41.8782774889
1299,244,24,432,-87.6273696186,41.8674795742,-87.6304354013,41.8673739901
1300,1295,25,528,-87.6277008629,41.8782253397,-87.6276035305,41.8747783767
1301,933,532,13,-87.6478923006,41.8916594147,-87.6444303335,41.8890264679
1302,1309,452,387,-87.6431433136,41.8743749911,-87.6470775000,41.8743380000
1303,244,446,24,-87.6241793666,41.8674824582,-87.6273696186,41.8674795742
1304,1054,527,518,-87.6278679939,41.8834418829,-87.6245058785,41.8838163271
1305,921,6,515,-87.6244619625,41.8782774889,-87.6244041776,41.8757599268
1306,1298,526,483,-87.6324149630,41.8832849978,-87.6324846692,41.8869300529
1307,1270,530,533,-87.6435195860,41.8827220858,-87.6473885655,41.8827534785
